timestamp,distance_cm,rain_analog,float_status,rise_rate_cm_per_min,rain_trend_5min,distance_rolling_mean_3min,distance_rolling_std_3min,cumulative_rain_30min,time_since_rain_start,emergency_flag,season_flag,risk_label
2024-07-02 02:01:00,58.38,394,0,-0.6043,395.2,58.0858,0.2469,6.57,1,0,1,1
2024-07-02 12:17:00,25.0,839,0,0.0,843.4,25.0,0.0,211.83,16,0,1,2
2024-07-02 13:00:00,29.94,728,0,1.8099,719.2,31.1458,0.8532,0.0,0,0,1,2
2024-07-02 09:00:00,55.17,571,0,-0.2089,576.6,55.0325,0.0985,0.0,0,0,1,1
2024-07-01 20:11:00,70.8,587,0,0.53,573.6,71.379,0.4886,112.13,12,0,1,1
2024-07-02 09:18:00,51.14,600,0,-1.1353,594.0,50.6775,0.4888,156.82,16,0,1,1
2024-07-02 07:06:00,50.0,586,0,3.1363,579.8,51.7828,1.3159,57.83,6,0,1,1
2024-07-02 01:13:00,63.15,300,0,0.8477,317.6,63.1216,0.7304,67.33,13,0,1,1
2024-07-02 18:19:00,45.28,850,0,0.5785,850.0,45.8077,0.4115,268.52,19,0,1,2
2024-07-01 06:16:00,101.69,283,0,-0.3978,275.2,101.8921,0.5855,52.97,13,0,1,0
2024-07-02 16:11:00,39.52,850,0,-0.9579,850.0,39.3234,0.5586,99.05,7,0,1,2
2024-07-01 03:16:00,119.0,249,0,1.3541,247.4,120.6975,1.5486,53.47,13,0,1,0
2024-07-02 07:16:00,50.97,544,0,0.2481,553.6,50.731,0.5267,151.02,16,0,1,1
2024-07-03 00:13:00,4.11,1023,1,1.8376,1023.0,5.3676,0.8932,185.07,11,1,1,3
2024-07-02 22:18:00,5.82,1023,1,0.224,1023.0,6.3913,0.6528,289.52,17,1,1,3
2024-07-02 20:19:00,32.99,850,0,-0.0142,850.0,33.3272,0.4834,276.63,20,0,1,2
2024-07-01 14:00:00,95.82,145,0,-0.5049,129.0,95.4846,0.238,0.0,0,0,1,0
2024-07-02 20:03:00,34.93,793,0,-0.4098,772.4,35.2888,0.8162,51.82,4,0,1,2
2024-07-02 14:01:00,40.5,773,0,0.6912,756.8,40.1333,1.0423,0.0,0,0,1,2
2024-07-01 15:19:00,87.52,205,0,0.3573,205.6,88.2677,0.8211,53.18,16,0,1,0
2024-07-02 03:09:00,57.86,569,0,-1.017,576.4,57.5799,0.5258,85.28,9,0,1,1
2024-07-01 08:14:00,102.32,271,0,-1.1088,291.2,101.6888,0.466,46.67,10,0,1,0
2024-07-01 18:11:00,104.34,148,0,-1.1489,137.6,103.5596,0.5555,24.87,12,0,1,0
2024-07-02 02:07:00,55.98,448,0,2.134,427.0,57.8646,1.4478,48.85,7,0,1,1
2024-07-01 10:10:00,124.76,92,0,1.69,82.4,125.7183,0.7077,9.95,7,0,1,0
2024-07-01 11:15:00,110.34,146,0,0.887,135.8,111.5219,1.1109,22.85,11,0,1,0
2024-07-01 05:01:00,101.44,129,0,1.8258,105.4,102.868,1.0383,2.15,1,0,1,0
2024-07-03 01:06:00,9.37,976,1,-0.5924,945.0,8.3091,1.1131,47.48,3,1,1,3
2024-07-02 21:02:00,4.76,889,1,0.1669,878.0,5.0346,0.2785,0.0,0,1,1,3
2024-07-02 23:07:00,11.03,991,1,-0.7921,987.2,10.8738,0.4652,114.12,7,1,1,3
2024-07-01 17:06:00,95.83,51,0,0.8717,69.8,96.3781,0.3922,4.5,4,0,1,0
2024-07-01 06:19:00,100.12,299,0,0.8789,292.4,100.0021,0.8628,67.92,16,0,1,0
2024-07-02 07:01:00,52.61,571,0,0.9514,573.8,53.2534,0.4574,9.52,1,0,1,1
2024-07-02 00:19:00,63.99,572,0,1.6967,569.2,64.4393,0.8951,163.17,17,0,1,1
2024-07-01 18:10:00,103.2,149,0,-0.057,133.0,103.1658,0.0233,22.4,11,0,1,0
2024-07-01 09:18:00,122.21,298,0,-1.1574,297.8,122.1039,0.8133,85.28,18,0,1,0
2024-07-02 10:07:00,68.17,470,0,-0.7911,439.8,67.6172,0.392,55.78,8,0,1,1
2024-07-02 05:04:00,61.09,568,0,-0.711,539.8,61.1239,0.6252,18.48,2,0,1,1
2024-07-02 21:01:00,4.93,875,1,0.4894,876.0,5.461,0.4551,0.0,0,1,1,3
2024-07-01 02:19:00,118.18,156,0,-1.3283,156.2,117.197,0.7057,35.22,19,0,1,0
2024-07-01 16:08:00,111.25,241,0,2.4756,203.6,113.401,1.6443,19.87,6,0,1,0
2024-07-01 04:16:00,120.76,232,0,1.0632,239.8,121.9394,1.0148,56.0,14,0,1,0
2024-07-01 15:12:00,91.42,188,0,0.4802,198.8,91.2622,0.5926,29.78,9,0,1,0
2024-07-03 00:14:00,2.08,1023,1,2.0255,1023.0,4.0434,1.5777,202.12,12,1,1,3
2024-07-01 14:19:00,95.08,120,0,0.3028,131.4,95.4136,0.2853,41.97,18,0,1,0
2024-07-01 13:17:00,96.41,82,0,-1.2751,89.4,95.3591,0.7836,23.75,16,0,1,0
2024-07-02 22:04:00,13.7,1023,1,0.1054,1013.6,13.9231,0.2468,50.82,3,1,1,3
2024-07-02 06:01:00,60.87,497,0,-0.1134,491.4,60.5251,0.4138,8.28,1,0,1,1
2024-07-01 21:19:00,59.58,581,0,-3.1039,591.8,57.2861,1.6495,168.13,17,0,1,1
2024-07-02 17:17:00,26.97,847,0,1.0994,849.4,27.0302,0.8306,212.23,15,0,1,2
2024-07-02 04:10:00,76.93,410,0,-1.3756,393.8,76.185,0.5672,67.42,10,0,1,1
2024-07-02 19:19:00,25.0,842,0,0.0,839.6,25.0,0.0,218.7,17,0,1,2
2024-07-01 13:01:00,95.53,99,0,-1.0754,87.8,94.6836,0.6156,0.0,0,0,1,0
2024-07-02 04:18:00,74.82,391,0,2.0416,385.0,76.0952,0.9056,119.68,18,0,1,1
2024-07-01 01:03:00,103.38,132,0,-1.1531,120.8,102.9102,0.4943,7.88,4,0,1,0
2024-07-01 01:10:00,101.6,159,0,-0.3498,149.8,101.4253,0.1428,24.95,11,0,1,0
2024-07-02 06:17:00,50.15,583,0,-0.1518,581.6,50.5814,0.7175,157.8,17,0,1,1
2024-07-01 00:10:00,96.96,124,0,0.8799,131.2,97.5931,0.453,15.62,7,0,1,0
2024-07-01 11:01:00,111.6,111,0,-0.5857,106.2,110.587,1.0462,0.0,0,0,1,0
2024-07-02 17:00:00,29.09,790,0,0.1014,773.2,29.1549,0.0478,0.0,0,0,1,2
2024-07-01 14:16:00,97.32,138,0,-0.9966,151.0,97.0541,0.5261,35.63,15,0,1,0
2024-07-01 02:14:00,113.75,142,0,3.1319,113.6,115.3108,1.2786,22.2,14,0,1,0
2024-07-02 03:02:00,55.74,546,0,-1.5864,566.8,55.191,0.7363,18.48,2,0,1,1
2024-07-01 10:09:00,126.45,82,0,-0.5102,81.6,125.7298,0.6923,8.42,6,0,1,0
2024-07-02 06:04:00,60.0,536,0,-0.494,511.6,59.911,0.2987,34.42,4,0,1,1
2024-07-02 10:12:00,68.17,502,0,1.0143,495.2,68.2834,0.6889,97.05,13,0,1,1
2024-07-02 09:02:00,52.15,579,0,2.6658,574.2,54.0477,1.3477,0.0,0,0,1,1
2024-07-02 19:06:00,25.0,720,0,0.4853,706.6,26.0255,1.1247,47.22,4,0,1,2
2024-07-01 03:10:00,120.25,253,0,0.348,249.2,120.5173,0.1909,28.85,7,0,1,0
2024-07-02 03:03:00,58.38,558,0,-2.6463,563.6,56.0899,1.7459,27.78,3,0,1,1
2024-07-01 05:07:00,103.05,125,0,0.4026,136.6,102.8213,0.6336,15.98,7,0,1,0
2024-07-02 00:13:00,60.29,578,0,1.0818,582.8,61.3005,0.7919,106.37,11,0,1,1
2024-07-02 05:10:00,61.34,590,0,-1.4538,595.4,59.7814,1.3212,77.97,8,0,1,1
2024-07-02 13:01:00,31.44,729,0,-1.4985,721.6,31.042,0.7901,12.15,1,0,1,2
2024-07-01 14:12:00,99.73,151,0,-0.0756,144.4,100.0713,0.5387,25.57,11,0,1,0
2024-07-01 14:09:00,98.91,151,0,-2.2672,136.8,97.7132,0.9301,18.33,8,0,1,0
2024-07-02 08:12:00,66.14,300,0,-1.5753,306.8,65.3044,0.6464,67.45,13,0,1,1
2024-07-01 01:19:00,99.94,193,0,-1.0144,190.4,99.6195,0.4879,54.1,20,0,1,0
2024-07-02 05:09:00,59.89,600,0,-1.7771,595.8,59.1114,0.7422,68.13,7,0,1,1
2024-07-01 15:07:00,95.02,189,0,0.1083,199.8,95.3453,0.3851,13.22,4,0,1,0
2024-07-02 09:19:00,50.0,600,0,1.1353,594.4,50.3784,0.5352,166.82,17,0,1,1
2024-07-01 03:06:00,121.78,250,0,-2.0751,244.6,120.7849,0.8497,12.25,3,0,1,0
2024-07-01 13:15:00,94.53,85,0,-0.1159,99.4,94.1114,0.5134,20.92,14,0,1,0
2024-07-01 03:07:00,120.85,244,0,0.9224,241.6,120.7768,0.8489,16.32,4,0,1,0
2024-07-01 15:18:00,87.87,210,0,1.5355,204.2,89.1314,0.9331,49.77,15,0,1,0
2024-07-02 03:08:00,56.84,572,0,1.1928,576.2,57.7014,0.6116,75.8,8,0,1,1
2024-07-03 01:18:00,11.87,1023,1,-0.8052,1023.0,11.6397,0.4098,250.28,15,1,1,3
2024-07-02 11:14:00,36.57,825,0,-0.6102,837.2,36.7932,0.7933,139.85,10,0,1,2
2024-07-02 13:13:00,25.0,789,0,1.7558,791.0,26.5314,1.1696,164.55,13,0,1,2
2024-07-01 16:07:00,113.72,216,0,1.5138,190.2,115.3459,1.3735,15.85,5,0,1,0
2024-07-01 19:02:00,97.37,142,0,-2.6435,122.6,95.8572,1.114,2.37,1,0,1,0
2024-07-01 22:11:00,52.7,450,0,-2.7032,458.4,50.9011,1.2743,76.32,10,0,1,1
2024-07-02 02:02:00,58.63,402,0,-0.2502,396.6,58.2636,0.3587,13.27,2,0,1,1
2024-07-01 10:18:00,126.11,143,0,1.5224,140.2,126.3605,0.9574,27.67,15,0,1,0
2024-07-02 15:07:00,35.42,710,0,1.4114,694.2,36.379,0.6797,69.18,6,0,1,2
2024-07-01 21:16:00,55.28,597,0,-1.2158,596.8,54.8907,0.5825,138.55,14,0,1,1
2024-07-02 14:04:00,41.31,803,0,0.1701,785.8,41.2176,0.2643,39.87,3,0,1,2
2024-07-01 04:08:00,123.56,231,0,2.1769,232.6,124.4303,0.9401,23.53,6,0,1,0
2024-07-01 03:03:00,120.47,229,0,-0.3419,248.8,120.5148,0.3342,0.0,0,0,1,0
2024-07-02 17:06:00,25.0,850,0,0.0058,845.8,25.2587,0.3617,56.48,4,0,1,2
2024-07-02 11:16:00,37.33,850,0,0.1026,837.2,37.1106,0.3876,168.18,12,0,1,2
2024-07-01 17:11:00,91.28,96,0,1.1679,71.0,91.9071,0.4807,10.42,9,0,1,0
2024-07-02 22:16:00,7.31,1023,1,2.2171,1023.0,8.8298,1.0794,255.42,15,1,1,3
2024-07-01 12:16:00,118.82,54,0,-0.1475,51.6,118.5873,0.2288,10.35,12,0,1,0
2024-07-02 07:15:00,51.22,553,0,-1.2206,555.2,50.4069,0.5754,141.95,15,0,1,1
2024-07-02 08:04:00,65.12,305,0,1.056,322.4,65.8004,0.4842,26.87,5,0,1,1
2024-07-02 03:14:00,54.59,588,0,1.3111,581.8,55.5718,0.7024,133.77,14,0,1,1
2024-07-02 23:19:00,8.71,1023,1,0.1101,1020.2,9.323,0.7911,317.88,19,1,1,3
2024-07-01 08:08:00,103.01,274,0,-2.6006,256.2,101.1282,1.3412,17.42,4,0,1,0
2024-07-02 21:17:00,8.86,901,1,1.116,896.8,10.123,1.0917,190.57,13,1,1,3
2024-07-02 02:08:00,55.38,453,0,0.5993,437.2,56.4915,1.173,56.4,8,0,1,1
2024-07-02 17:03:00,26.75,839,0,1.1402,812.4,27.846,0.873,13.98,1,0,1,2
2024-07-03 01:05:00,8.78,949,1,-2.0085,939.0,7.2295,1.1276,31.22,2,1,1,3
2024-07-02 16:16:00,35.11,850,0,0.3773,848.6,35.2235,0.1837,169.77,12,0,1,2
2024-07-01 04:06:00,124.0,225,0,0.0426,237.4,123.6973,0.4538,15.83,4,0,1,0
2024-07-01 21:12:00,55.05,600,0,0.7829,599.0,55.2068,0.4576,98.82,10,0,1,1
2024-07-01 09:04:00,119.92,270,0,-0.4054,270.2,119.6654,0.1832,17.97,4,0,1,0
2024-07-03 00:18:00,3.4,1022,1,-0.9676,1022.4,2.6335,0.564,270.27,16,1,1,3
2024-07-02 02:14:00,52.38,479,0,1.8065,469.6,54.2365,1.5384,103.07,14,0,1,1
2024-07-01 14:14:00,97.53,160,0,0.1809,152.2,98.3204,0.9986,31.02,13,0,1,0
2024-07-02 20:12:00,34.82,850,0,-0.9005,850.0,34.7108,0.6016,177.47,13,0,1,2
2024-07-01 21:05:00,53.92,600,0,-1.4096,561.8,53.187,0.5769,28.92,3,0,1,1
2024-07-02 11:13:00,35.96,818,0,1.9027,840.2,37.5316,1.1763,126.1,9,0,1,2
2024-07-01 13:00:00,94.45,103,0,-0.3778,83.8,94.1992,0.1781,0.0,0,0,1,0
2024-07-01 11:17:00,109.47,131,0,0.048,140.8,109.7751,0.397,27.33,13,0,1,0
2024-07-02 03:19:00,57.81,599,0,-0.4183,592.8,57.8134,0.3441,183.17,19,0,1,1
2024-07-02 05:03:00,60.38,541,0,1.5302,527.2,61.2529,0.6441,9.02,1,0,1,1
2024-07-01 22:05:00,53.06,451,0,1.8935,459.8,54.2602,0.852,30.62,4,0,1,1
2024-07-02 19:07:00,25.0,707,0,0.0,708.0,25.1618,0.2288,59.0,5,0,1,2
2024-07-02 16:00:00,41.5,847,0,1.3349,825.4,42.3882,0.6293,0.0,0,0,1,2
2024-07-02 05:19:00,56.82,600,0,0.0184,597.6,57.155,0.4608,167.22,17,0,1,1
2024-07-02 18:09:00,44.04,850,0,0.1567,850.0,43.8978,0.3218,126.85,9,0,1,2
2024-07-01 13:05:00,92.42,97,0,-0.0522,90.0,93.123,1.032,5.85,4,0,1,0
2024-07-03 01:15:00,11.09,1023,1,-2.4349,1021.4,9.1707,1.4094,199.13,12,1,1,3
2024-07-02 02:09:00,54.46,452,0,0.9231,445.0,55.2727,0.6262,63.93,9,0,1,1
2024-07-01 02:15:00,116.21,160,0,-2.4571,126.4,115.6148,1.3458,24.87,15,0,1,0
2024-07-01 06:00:00,105.38,158,0,0.5299,151.6,105.7337,0.2498,0.0,0,0,1,0
2024-07-01 10:15:00,126.13,138,0,0.5008,128.6,126.1686,0.3651,20.67,12,0,1,0
2024-07-01 01:05:00,102.6,144,0,-0.3134,127.2,102.7571,0.4587,12.47,6,0,1,0
2024-07-01 03:12:00,121.2,240,0,0.0412,246.4,120.8969,0.4554,36.85,9,0,1,0
2024-07-01 02:04:00,120.66,80,0,-2.2007,85.8,119.1891,1.042,5.7,4,0,1,0
2024-07-01 12:07:00,122.37,50,0,-0.4684,66.8,122.0571,0.2241,3.1,3,0,1,0
2024-07-02 12:01:00,32.72,731,0,0.6823,725.8,33.0176,0.2842,0.0,0,0,1,2
2024-07-01 14:01:00,94.9,129,0,0.9198,129.8,95.3463,0.3761,0.0,0,0,1,0
2024-07-02 20:13:00,36.51,850,0,-1.6847,850.0,35.0857,1.0715,191.63,14,0,1,2
2024-07-02 21:14:00,10.62,897,1,0.9652,892.0,11.0452,0.4037,145.83,10,1,1,3
2024-07-02 16:10:00,38.56,850,0,1.3252,849.4,39.4887,0.657,84.88,6,0,1,2
2024-07-01 12:04:00,124.14,66,0,1.2138,65.2,125.3163,0.9422,0.0,0,0,1,0
2024-07-02 17:02:00,27.89,840,0,0.9965,798.4,28.6238,0.5224,0.0,0,0,1,2
2024-07-01 16:01:00,116.96,182,0,-0.7345,174.0,116.8971,0.5223,0.0,0,0,1,0
2024-07-02 08:03:00,66.17,332,0,-0.0605,327.4,65.7812,0.5113,21.78,4,0,1,1
2024-07-01 07:18:00,88.79,194,0,2.2556,186.2,90.2292,1.0227,42.62,15,0,1,0
2024-07-03 00:17:00,2.43,1021,1,-0.3702,1022.6,2.1662,0.1914,253.23,15,1,1,3
2024-07-01 21:09:00,53.1,600,0,-0.8992,599.8,52.6994,0.3735,68.9,7,0,1,1
2024-07-02 23:01:00,16.83,951,1,0.0701,922.0,16.6614,0.2951,15.85,1,1,1,3
2024-07-01 23:02:00,54.78,431,0,-0.0058,418.8,54.818,0.0575,0.0,0,0,1,1
2024-07-01 15:09:00,93.72,206,0,0.3749,196.6,94.2795,0.546,19.8,6,0,1,0
2024-07-02 10:17:00,70.2,488,0,0.465,487.8,69.856,0.8313,137.7,18,0,1,1
2024-07-01 03:00:00,120.25,259,0,0.6714,251.8,120.7017,0.3165,0.0,0,0,1,0
2024-07-02 20:04:00,35.83,800,0,-0.8967,781.8,35.0911,0.5456,65.15,5,0,1,2
2024-07-02 05:15:00,58.73,600,0,0.756,593.4,59.5776,0.7286,127.42,13,0,1,1
2024-07-02 14:07:00,36.17,850,0,1.6126,821.4,37.8043,1.3465,81.65,6,0,1,2
2024-07-02 08:09:00,64.85,306,0,2.8382,302.4,66.275,1.1587,52.07,10,0,1,1
2024-07-02 08:10:00,65.21,305,0,-0.3654,303.2,65.9154,1.2607,57.15,11,0,1,1
2024-07-02 19:05:00,25.49,707,0,2.1059,699.6,26.8537,0.9686,35.22,3,0,1,2
2024-07-02 09:08:00,50.77,579,0,1.5566,580.4,51.7123,0.675,57.93,6,0,1,1
2024-07-01 14:18:00,95.38,139,0,0.3942,139.4,96.159,0.8342,39.97,17,0,1,0
2024-07-02 10:09:00,68.99,499,0,0.3286,472.4,68.8272,0.4838,72.13,10,0,1,1
2024-07-01 15:14:00,88.26,198,0,1.4016,195.0,89.7783,1.2926,36.05,11,0,1,0
2024-07-01 15:10:00,90.47,218,0,3.2501,199.6,92.763,1.6277,23.43,7,0,1,0
2024-07-01 18:01:00,101.41,94,0,-0.2362,95.6,101.2783,0.0995,3.32,2,0,1,0
2024-07-01 23:19:00,62.27,537,0,0.7417,533.6,62.9121,0.4942,127.18,15,0,1,1
2024-07-01 05:10:00,99.68,129,0,0.9822,127.8,100.8383,1.0305,22.28,10,0,1,0
2024-07-03 01:09:00,9.1,1006,1,1.9796,982.4,9.9555,0.8307,97.27,6,1,1,3
2024-07-02 00:06:00,61.97,578,0,1.075,588.8,62.166,0.6558,39.17,4,0,1,1
2024-07-01 18:03:00,102.59,123,0,-0.6947,104.2,101.9647,0.4819,7.13,4,0,1,0
2024-07-01 12:14:00,118.28,54,0,3.2639,47.6,120.3383,1.4655,8.52,10,0,1,0
2024-07-01 12:19:00,119.83,63,0,-0.1072,58.4,119.3945,0.5472,13.38,15,0,1,0
2024-07-02 16:02:00,40.87,850,0,-0.2284,837.4,41.0041,0.3617,0.0,0,0,1,2
2024-07-02 09:17:00,50.0,599,0,0.8971,593.2,50.299,0.4229,146.82,15,0,1,1
2024-07-02 00:14:00,62.22,562,0,-1.9229,578.6,61.2964,0.7871,115.73,12,0,1,1
2024-07-02 09:10:00,50.0,584,0,0.0,580.4,50.2577,0.3645,77.42,8,0,1,1
2024-07-01 18:17:00,107.36,149,0,-1.7593,146.0,106.2561,0.7862,39.5,18,0,1,0
2024-07-02 02:06:00,58.11,435,0,1.3859,417.8,58.7682,0.5684,41.38,6,0,1,1
2024-07-02 18:05:00,40.4,850,0,0.4696,842.2,40.3332,0.4657,70.18,5,0,1,2
2024-07-01 06:17:00,98.89,299,0,2.8007,282.0,100.627,1.2372,57.95,14,0,1,0
2024-07-01 17:15:00,94.45,114,0,0.1799,99.6,94.1529,0.5477,17.12,13,0,1,0
2024-07-01 18:05:00,103.55,118,0,0.0612,114.8,103.2497,0.4688,11.32,6,0,1,0
2024-07-02 23:02:00,15.09,960,1,1.7408,931.8,16.2771,0.8376,31.85,2,1,1,3
2024-07-02 13:09:00,30.0,797,0,-1.7336,763.6,28.3607,1.2968,111.92,9,0,1,2
2024-07-02 23:08:00,9.65,1013,1,1.3842,994.0,10.308,0.5671,131.0,8,1,1,3
2024-07-02 17:09:00,25.0,850,0,0.0,849.6,25.0,0.0,98.95,7,0,1,2
2024-07-02 08:16:00,65.57,305,0,0.1711,302.4,65.9344,0.3944,87.65,17,0,1,1
2024-07-01 09:19:00,122.55,273,0,-0.3343,293.0,121.9401,0.6391,89.83,19,0,1,0
2024-07-01 10:13:00,125.74,143,0,-1.9683,107.2,124.54,0.86,15.98,10,0,1,0
2024-07-01 20:08:00,72.02,558,0,-1.114,549.2,70.6017,1.3005,82.88,9,0,1,1
2024-07-01 16:12:00,111.03,276,0,-0.1598,256.8,110.9292,0.0706,37.25,10,0,1,0
2024-07-01 10:08:00,125.94,78,0,-1.1454,84.6,124.9709,0.7317,7.05,5,0,1,0
2024-07-02 06:13:00,53.52,577,0,0.6342,575.6,55.0179,1.6869,118.95,13,0,1,1
2024-07-01 03:18:00,115.19,234,0,0.1775,246.6,116.5203,1.7531,61.35,15,0,1,0
2024-07-01 01:09:00,101.25,164,0,0.1705,146.8,101.0686,0.3861,22.3,10,0,1,0
2024-07-02 02:15:00,53.79,500,0,-1.4079,477.2,53.45,0.7749,111.4,15,0,1,1
2024-07-02 10:15:00,68.71,484,0,-0.9753,491.2,68.2949,0.4106,121.43,16,0,1,1
2024-07-02 03:17:00,58.24,590,0,-1.5288,587.4,57.2018,0.7314,163.28,17,0,1,1
2024-07-02 17:16:00,28.07,850,0,-2.0322,850.0,26.372,1.2765,198.12,14,0,1,2
2024-07-02 05:16:00,59.21,600,0,-0.4814,598.0,59.1454,0.3125,137.42,14,0,1,1
2024-07-01 08:05:00,100.02,245,0,0.5422,236.2,100.9991,1.031,4.08,1,0,1,0
2024-07-02 21:18:00,9.01,912,1,-0.1448,898.6,9.2838,0.4955,205.77,14,1,1,3
2024-07-02 00:15:00,64.38,575,0,-2.1649,573.6,62.2984,1.6698,125.32,13,0,1,1
2024-07-02 17:04:00,25.77,850,0,0.9834,828.6,26.8059,0.8678,28.15,2,0,1,2
2024-07-01 03:05:00,119.7,246,0,1.1768,244.0,120.3499,0.488,8.08,2,0,1,0
2024-07-01 07:01:00,95.81,151,0,1.1988,144.6,96.3536,0.4948,0.0,0,0,1,0
2024-07-02 22:05:00,13.5,1023,1,0.1973,1017.6,13.6679,0.1255,67.87,4,1,1,3
2024-07-02 17:07:00,25.0,850,0,0.0,847.8,25.0019,0.0027,70.65,5,0,1,2
2024-07-02 08:15:00,65.75,307,0,0.7378,305.0,65.8305,0.502,82.57,16,0,1,1
2024-07-01 16:11:00,110.87,270,0,0.0224,244.8,111.0938,0.303,32.65,9,0,1,0
2024-07-02 09:04:00,51.66,583,0,-0.1857,574.4,51.7607,0.2873,19.28,2,0,1,1
2024-07-01 12:09:00,120.92,46,0,1.0801,54.6,121.7625,0.6176,4.55,5,0,1,0
2024-07-02 21:07:00,6.4,850,1,-0.9595,861.6,4.8362,1.5885,42.5,3,1,1,3
2024-07-02 11:08:00,36.21,848,0,-0.4317,835.8,36.0181,0.1805,56.08,4,0,1,2
2024-07-01 15:05:00,95.89,203,0,-0.1688,208.0,95.7912,0.0705,6.8,2,0,1,0
2024-07-02 12:14:00,25.0,850,0,0.0,826.0,25.0,0.0,169.53,13,0,1,2
2024-07-03 00:15:00,2.0,1023,1,0.0806,1023.0,2.7289,0.9744,219.17,13,1,1,3
2024-07-01 02:09:00,116.78,87,0,-0.8481,84.4,116.2657,0.3692,12.73,9,0,1,0
2024-07-02 20:16:00,36.42,850,0,0.0684,850.0,36.3771,0.1058,234.13,17,0,1,2
2024-07-01 00:02:00,102.23,163,0,0.79,148.6,102.1956,0.6815,0.0,0,0,1,0
2024-07-02 03:04:00,59.05,568,0,-0.6679,562.4,57.7234,1.4311,37.25,4,0,1,1
2024-07-01 17:10:00,92.45,87,0,-0.4541,62.0,92.5708,0.5286,8.82,8,0,1,0
2024-07-02 21:04:00,2.84,876,1,-0.2945,878.0,3.3844,0.9802,0.0,0,1,1,3
2024-07-02 02:16:00,51.17,515,0,2.6213,485.6,52.4433,1.0711,119.98,16,0,1,1
2024-07-01 17:04:00,96.61,73,0,-0.4833,80.6,96.5848,0.3629,2.55,2,0,1,0
2024-07-03 01:14:00,8.66,1023,1,-0.9021,1017.8,8.38,0.4408,182.08,11,1,1,3
2024-07-02 00:01:00,58.97,556,0,-0.0252,531.2,58.4029,0.7849,0.0,0,0,1,1
2024-07-02 04:15:00,75.52,372,0,1.8167,395.0,76.5951,0.7789,100.33,15,0,1,1
2024-07-01 01:13:00,98.6,210,0,3.2278,182.2,100.7906,1.5524,34.75,14,0,1,0
2024-07-01 01:11:00,101.95,179,0,-0.3496,156.8,101.6016,0.2855,27.93,12,0,1,0
2024-07-01 11:11:00,113.16,129,0,1.3509,123.4,113.4857,0.7398,13.68,7,0,1,0
2024-07-03 00:03:00,11.0,957,1,3.3243,926.8,13.5779,1.8711,15.95,1,1,1,3
2024-07-01 09:12:00,121.39,299,0,-0.2981,291.6,121.1136,0.2169,55.48,12,0,1,0
2024-07-01 16:13:00,110.61,280,0,0.4136,264.6,110.8371,0.1703,41.92,11,0,1,0
2024-07-01 00:03:00,101.44,161,0,0.7827,152.4,102.2276,0.6421,0.0,0,0,1,0
2024-07-01 10:04:00,119.53,97,0,-0.5309,110.8,119.0457,0.3811,1.62,1,0,1,0
2024-07-02 01:14:00,61.03,305,0,2.124,313.0,62.7271,1.2499,72.42,14,0,1,1
2024-07-02 15:19:00,35.77,834,0,-0.4047,823.4,35.2864,0.4303,226.68,18,0,1,2
2024-07-01 15:06:00,95.13,196,0,0.7573,203.2,95.5776,0.3246,10.07,3,0,1,0
2024-07-01 05:09:00,100.66,115,0,1.5227,128.8,101.9639,0.9895,20.13,9,0,1,0
2024-07-01 21:10:00,54.74,600,0,-1.6436,599.8,53.3483,1.0528,78.9,8,0,1,1
2024-07-01 03:17:00,115.37,239,0,3.627,247.2,118.2399,2.1029,57.45,14,0,1,0
2024-07-01 04:04:00,123.06,235,0,-1.5235,239.8,122.1091,0.6749,8.07,2,0,1,0
2024-07-01 14:06:00,97.0,134,0,-0.14,135.6,95.9235,1.4218,11.3,5,0,1,0
2024-07-01 04:02:00,121.74,237,0,0.0507,240.6,121.5689,0.2767,0.0,0,0,1,0
2024-07-03 01:11:00,8.66,1015,1,-0.2407,1001.4,8.7265,0.2829,130.93,8,1,1,3
2024-07-02 15:09:00,36.03,733,0,-0.2098,710.4,35.7587,0.2555,93.4,8,0,1,2
2024-07-02 20:14:00,36.23,850,0,0.2762,850.0,35.8554,0.7377,205.8,15,0,1,2
2024-07-01 19:18:00,95.14,238,0,-1.5894,228.0,94.3697,0.6501,51.52,17,0,1,0
2024-07-01 16:03:00,118.51,174,0,-1.1316,175.6,117.6152,0.6533,2.9,1,0,1,0
2024-07-02 01:19:00,54.59,306,0,1.1355,305.8,55.5944,0.7728,97.9,19,0,1,1
2024-07-02 21:16:00,9.98,889,1,1.5465,894.2,10.7101,0.6342,175.55,12,1,1,3
2024-07-02 22:02:00,14.27,1010,1,2.2019,1000.6,16.1407,1.4152,16.83,1,1,1,3
2024-07-01 00:05:00,99.21,139,0,2.2965,151.8,100.7194,1.0679,4.68,2,0,1,0
2024-07-02 12:11:00,26.53,824,0,0.7278,782.6,27.0164,0.3473,127.62,10,0,1,2
2024-07-01 23:05:00,56.43,459,0,0.0714,442.2,56.4135,0.0825,7.65,1,0,1,1
2024-07-01 04:17:00,121.78,229,0,-1.0225,233.6,121.4543,0.4919,59.82,15,0,1,0
2024-07-01 13:06:00,92.84,94,0,-0.4224,89.0,92.5429,0.2125,7.42,5,0,1,0
2024-07-01 17:17:00,94.27,132,0,-0.7114,114.6,94.0904,0.3845,21.6,15,0,1,0
2024-07-02 19:08:00,25.94,713,0,-0.9428,708.4,25.3143,0.4444,70.88,6,0,1,2
2024-07-02 15:18:00,35.36,829,0,-0.6404,815.0,34.8755,0.3544,212.78,17,0,1,2
2024-07-01 19:00:00,95.47,121,0,0.0165,107.4,95.4777,0.0078,0.0,0,0,1,0
2024-07-02 07:11:00,50.0,552,0,0.0,564.6,50.1448,0.2048,104.88,11,0,1,1
2024-07-01 19:01:00,94.73,142,0,0.736,115.0,95.2269,0.3509,0.0,0,0,1,0
2024-07-02 00:10:00,61.96,600,0,-1.9828,575.8,60.8342,0.8323,77.52,8,0,1,1
2024-07-01 05:18:00,104.05,140,0,0.29,142.0,104.4991,0.4469,40.6,18,0,1,0
2024-07-02 21:00:00,5.42,868,1,0.6228,876.8,5.8317,0.2936,0.0,0,1,1,3
2024-07-01 12:10:00,119.59,46,0,1.3304,49.6,120.8333,0.9858,5.32,6,0,1,0
2024-07-02 02:03:00,58.67,402,0,-0.0401,398.0,58.5617,0.1284,19.97,3,0,1,1
2024-07-01 00:09:00,97.84,120,0,0.1456,134.2,97.4242,0.6905,13.55,6,0,1,0
2024-07-01 09:16:00,123.04,296,0,0.4263,298.0,122.6972,0.8053,75.33,16,0,1,0
2024-07-02 06:03:00,59.51,525,0,0.7144,502.2,60.2011,0.5572,25.48,3,0,1,1
2024-07-01 04:01:00,121.79,231,0,-0.6106,242.0,120.4852,1.4343,0.0,0,0,1,0
2024-07-02 15:03:00,35.56,685,0,-0.129,663.8,35.7316,0.336,22.75,2,0,1,2
2024-07-02 05:07:00,59.33,599,0,1.3119,577.6,60.21,0.6202,48.13,5,0,1,1
2024-07-02 15:17:00,34.72,827,0,-0.1874,806.4,34.8841,0.3662,198.97,16,0,1,2
2024-07-01 11:19:00,109.3,124,0,0.3929,134.2,109.4854,0.1607,31.6,15,0,1,0
2024-07-01 14:10:00,100.83,143,0,-1.9206,139.8,98.7959,1.7116,20.72,9,0,1,0
2024-07-01 10:11:00,124.11,108,0,0.6551,87.4,125.1067,0.9879,11.75,8,0,1,0
2024-07-02 11:17:00,36.55,850,0,0.7796,838.6,37.1061,0.3939,182.35,13,0,1,2
2024-07-01 17:19:00,95.5,128,0,-0.6083,131.2,94.8846,0.5019,26.15,17,0,1,0
2024-07-01 22:09:00,50.0,465,0,0.0,457.4,50.0,0.0,61.22,8,0,1,1
2024-07-01 11:07:00,112.92,109,0,-1.9184,110.2,111.9325,0.784,5.22,3,0,1,0
2024-07-02 23:10:00,9.49,1015,1,-0.5204,1005.2,9.3683,0.2909,164.8,10,1,1,3
2024-07-02 23:06:00,10.24,994,1,1.1055,981.0,10.9622,0.5101,97.6,6,1,1,3
2024-07-02 15:16:00,34.54,817,0,0.8534,798.8,36.0455,1.5688,185.18,15,0,1,2
2024-07-02 01:01:00,59.71,300,0,0.4668,313.8,59.3264,0.8868,5.0,1,0,1,1
2024-07-01 23:04:00,56.5,451,0,-0.1994,434.4,55.8628,0.7698,0.0,0,0,1,1
2024-07-01 18:02:00,101.89,106,0,-0.4792,98.2,101.4947,0.2976,5.08,3,0,1,0
2024-07-01 23:08:00,61.44,492,0,-2.3401,470.8,59.1152,1.8911,31.72,4,0,1,1
2024-07-02 22:15:00,9.52,1023,1,0.1389,1023.0,10.3093,1.016,238.37,14,1,1,3
2024-07-01 21:08:00,52.2,600,0,0.596,595.6,52.7496,0.4299,58.9,6,0,1,1
2024-07-01 00:07:00,96.45,133,0,1.3163,144.2,97.8095,1.1265,9.33,4,0,1,0
2024-07-01 07:15:00,90.49,188,0,0.1105,193.6,90.2611,0.4007,33.52,12,0,1,0
2024-07-02 03:01:00,54.15,563,0,1.5362,572.4,55.4054,0.9316,9.38,1,0,1,1
2024-07-01 22:00:00,56.43,460,0,-0.2884,455.2,56.2365,0.1359,0.0,0,0,1,1
2024-07-02 00:02:00,60.1,594,0,-1.1336,545.6,59.3399,0.5404,0.0,0,0,1,1
2024-07-01 21:02:00,53.33,534,0,-0.6737,538.4,53.0699,0.2982,0.0,0,0,1,1
2024-07-02 14:18:00,28.58,850,0,1.5191,850.0,29.4459,0.6371,237.47,17,0,1,2
2024-07-02 23:09:00,8.97,1013,1,0.6816,999.2,9.8834,0.8595,147.88,9,1,1,3
2024-07-01 16:14:00,111.01,265,0,-0.3921,268.8,110.8832,0.1901,46.33,12,0,1,0
2024-07-02 04:16:00,76.6,387,0,-1.0777,389.4,76.4833,0.7459,106.78,16,0,1,1
2024-07-02 22:14:00,9.66,1023,1,2.0825,1023.0,11.239,1.1393,221.32,13,1,1,3
2024-07-02 04:07:00,75.54,388,0,-2.5733,405.4,73.7571,1.2611,47.73,7,0,1,1
2024-07-02 05:14:00,59.49,600,0,1.0221,591.4,60.1812,0.4897,117.42,12,0,1,1
2024-07-02 02:10:00,55.73,462,0,-1.27,450.0,55.1886,0.5359,71.63,10,0,1,1
2024-07-02 05:01:00,61.47,522,0,-1.1142,510.8,61.0218,0.4781,0.0,0,0,1,1
2024-07-02 11:07:00,35.77,850,0,0.2984,830.4,36.3994,0.6834,41.95,3,0,1,2
2024-07-01 22:08:00,50.0,466,0,0.0,455.4,50.6359,0.8992,53.47,7,0,1,1
2024-07-01 22:13:00,53.85,440,0,-0.183,449.4,53.4073,0.5035,90.92,12,0,1,1
2024-07-01 11:08:00,112.8,129,0,0.1158,112.6,112.2393,0.8783,7.37,4,0,1,0
2024-07-01 17:12:00,90.45,98,0,0.8287,83.2,91.393,0.819,12.05,10,0,1,0
2024-07-02 12:08:00,28.18,763,0,1.8782,759.4,29.3215,0.8168,87.72,7,0,1,2
2024-07-01 10:12:00,123.77,111,0,0.3342,94.2,124.2136,0.4109,13.6,9,0,1,0
2024-07-01 03:19:00,114.47,220,0,0.7267,240.8,115.0099,0.3912,65.02,16,0,1,0
2024-07-01 07:08:00,91.13,150,0,-1.1846,141.0,90.9338,0.7379,11.75,5,0,1,0
2024-07-01 15:02:00,92.75,206,0,0.3916,207.2,92.2952,0.9349,0.0,0,0,1,0
2024-07-02 07:08:00,50.0,565,0,0.0,580.0,50.0,0.0,77.0,8,0,1,1
2024-07-02 14:17:00,30.1,850,0,-0.4502,850.0,29.8975,0.186,223.3,16,0,1,2
2024-07-02 01:06:00,61.31,310,0,-0.5781,302.0,60.8093,0.3768,30.17,6,0,1,1
2024-07-01 17:02:00,97.02,79,0,2.3469,76.4,97.9599,1.0114,0.0,0,0,1,0
2024-07-02 00:05:00,63.05,591,0,-1.5712,584.4,61.3762,1.408,29.53,3,0,1,1
2024-07-02 11:11:00,38.78,850,0,-1.7933,847.6,37.3723,1.0296,98.42,7,0,1,2
2024-07-01 06:13:00,102.86,282,0,1.4905,249.8,104.3651,1.232,39.15,10,0,1,0
2024-07-02 11:03:00,37.63,821,0,-0.2109,812.4,38.4889,1.3613,0.0,0,0,1,2
2024-07-01 15:11:00,91.9,193,0,-1.4264,199.0,92.0301,1.3302,26.65,8,0,1,0
2024-07-02 12:02:00,33.51,733,0,-0.7898,727.4,33.2072,0.3497,12.22,1,0,1,2
2024-07-02 07:09:00,50.43,575,0,-0.4345,577.0,50.1448,0.2048,86.58,9,0,1,1
2024-07-01 00:00:00,101.35,142,0,0.5076,142.0,101.6851,0.2393,0.0,0,0,1,0
2024-07-01 15:16:00,90.11,198,0,-0.7971,194.8,89.2262,0.7581,42.88,13,0,1,0
2024-07-02 11:06:00,36.07,834,0,1.2773,824.4,36.6896,0.5224,27.78,2,0,1,2
2024-07-02 03:07:00,58.04,579,0,0.1885,573.4,58.2867,0.2341,66.27,7,0,1,1
2024-07-02 19:12:00,25.0,792,0,0.0,752.8,25.0,0.0,121.73,10,0,1,2
2024-07-02 02:12:00,56.15,471,0,-0.75,462.2,55.7564,0.3069,87.37,12,0,1,1
2024-07-01 23:17:00,63.46,558,0,0.8346,516.0,64.6276,1.1085,109.05,13,0,1,1
2024-07-01 20:04:00,68.16,547,0,1.3692,554.8,69.0888,0.6601,46.23,5,0,1,1
2024-07-01 08:12:00,101.53,299,0,1.8737,294.0,102.8693,0.9515,37.35,8,0,1,0
2024-07-01 06:05:00,109.57,212,0,1.3819,191.2,110.295,0.5662,7.0,2,0,1,0
2024-07-01 19:14:00,96.17,222,0,-0.2318,182.6,95.9875,0.1337,36.22,13,0,1,0
2024-07-01 21:00:00,53.23,534,0,-0.7538,540.4,52.7304,0.3554,0.0,0,0,1,1
2024-07-02 03:12:00,56.22,576,0,0.8721,576.8,56.2399,0.6817,114.33,12,0,1,1
2024-07-02 21:03:00,2.55,882,1,2.2109,878.6,4.0789,1.0837,0.0,0,1,1,3
2024-07-01 04:10:00,123.72,245,0,0.1901,234.2,123.7324,0.1453,31.6,8,0,1,0
2024-07-02 22:19:00,8.21,1022,1,-2.3914,1022.8,6.6941,1.0784,306.55,18,1,1,3
2024-07-01 09:01:00,122.4,276,0,-0.4249,273.6,121.952,0.3793,4.6,1,0,1,0
2024-07-01 13:14:00,94.41,91,0,-1.0265,99.0,93.9044,0.4191,19.5,13,0,1,0
2024-07-02 20:15:00,36.48,850,0,-0.2506,850.0,36.4084,0.1246,219.97,16,0,1,2
2024-07-01 03:09:00,120.6,252,0,0.0963,247.8,120.7174,0.104,24.63,6,0,1,0
2024-07-01 14:11:00,99.65,140,0,1.1788,141.0,99.7989,0.7908,23.05,10,0,1,0
2024-07-01 06:11:00,105.88,244,0,1.9931,232.6,107.423,1.1222,30.03,8,0,1,0
2024-07-01 15:00:00,90.99,208,0,0.3461,202.4,91.2232,0.1631,0.0,0,0,1,0
2024-07-01 21:04:00,52.51,579,0,0.6187,548.6,52.9886,0.3471,18.92,2,0,1,1
2024-07-01 16:06:00,115.24,191,0,1.8452,181.4,116.7397,1.1154,12.25,4,0,1,0
2024-07-01 07:04:00,92.42,132,0,0.8713,136.2,94.0365,1.7096,2.2,1,0,1,0
2024-07-01 21:03:00,53.13,556,0,0.1956,541.2,53.0354,0.283,9.27,1,0,1,1
2024-07-02 05:00:00,60.36,517,0,0.8692,507.4,60.9402,0.4098,0.0,0,0,1,1
2024-07-01 06:15:00,101.3,282,0,1.3922,267.4,102.2818,0.7011,48.25,12,0,1,0
2024-07-01 22:10:00,50.0,456,0,0.0,458.4,50.0,0.0,68.82,9,0,1,1
2024-07-01 08:04:00,100.56,236,0,1.865,231.2,101.6479,0.7932,0.0,0,0,1,0
2024-07-01 01:08:00,101.42,150,0,-0.8909,140.2,101.299,0.5829,19.57,9,0,1,0
2024-07-02 14:13:00,31.56,850,0,-0.3058,849.8,32.0793,0.9599,166.63,12,0,1,2
2024-07-01 09:13:00,122.72,299,0,-1.326,295.0,121.7323,0.7059,60.47,13,0,1,0
2024-07-01 19:08:00,94.68,161,0,0.1568,160.0,95.2242,0.6624,18.43,7,0,1,0
2024-07-02 18:12:00,46.15,850,0,-1.3152,850.0,44.8123,1.0981,169.35,12,0,1,2
2024-07-01 08:09:00,102.36,299,0,0.6486,268.8,101.9248,1.1052,22.4,5,0,1,0
2024-07-02 11:05:00,37.35,833,0,-0.7053,819.2,37.2098,0.4156,13.88,1,0,1,2
2024-07-01 07:00:00,97.0,137,0,-0.7537,143.4,96.502,0.3553,0.0,0,0,1,0
2024-07-01 08:13:00,101.21,288,0,0.3196,296.8,102.0503,0.9674,42.15,9,0,1,0
2024-07-01 00:06:00,97.77,146,0,1.442,150.2,99.4944,1.5395,7.12,3,0,1,0
2024-07-02 13:05:00,27.96,739,0,0.3066,727.2,29.1709,1.5013,60.6,5,0,1,2
2024-07-01 23:18:00,63.01,551,0,0.4576,526.8,63.5901,0.535,118.23,14,0,1,1
2024-07-01 03:13:00,122.13,237,0,-0.9331,244.4,121.5228,0.4305,40.8,10,0,1,0
2024-07-02 21:10:00,6.72,884,1,0.6356,864.8,6.8341,0.3866,86.23,6,1,1,3
2024-07-02 16:13:00,36.08,850,0,3.4563,850.0,38.3783,1.6257,127.38,9,0,1,2
2024-07-01 11:18:00,109.69,132,0,-0.2184,139.2,109.5595,0.0937,29.53,14,0,1,0
2024-07-01 07:05:00,91.76,148,0,0.6572,138.4,92.4899,0.626,4.67,2,0,1,0
2024-07-02 15:12:00,37.46,789,0,-0.5961,751.0,36.9704,0.3656,131.77,11,0,1,2
2024-07-01 11:14:00,111.22,149,0,1.7845,132.4,112.0773,0.7305,20.42,10,0,1,0
2024-07-01 11:00:00,111.01,105,0,-1.8678,105.0,109.7692,0.8805,0.0,0,0,1,0
2024-07-02 22:03:00,13.8,1016,1,0.4628,1006.4,14.8465,1.1625,33.77,2,1,1,3
2024-07-02 01:00:00,60.17,312,0,-2.0706,317.6,58.7917,0.9761,0.0,0,0,1,1
2024-07-01 06:12:00,104.35,265,0,1.5272,240.4,106.0353,1.4413,34.45,9,0,1,0
2024-07-03 01:10:00,8.42,1005,1,0.683,993.6,9.5338,1.1292,114.02,7,1,1,3
2024-07-02 14:14:00,31.06,850,0,0.4945,850.0,31.2925,0.2038,180.8,13,0,1,2
2024-07-01 09:05:00,121.84,274,0,-1.9136,270.4,120.4263,1.0113,22.53,5,0,1,0
2024-07-01 02:01:00,120.2,96,0,0.4432,92.4,120.6665,0.3964,1.6,1,0,1,0
2024-07-02 10:16:00,70.66,488,0,-1.9493,490.6,69.0361,1.2158,129.57,17,0,1,1
2024-07-01 05:08:00,102.18,134,0,0.8718,132.8,102.8962,0.5319,18.22,8,0,1,0
2024-07-02 05:08:00,58.11,600,0,1.221,589.4,59.3633,1.0343,58.13,6,0,1,1
2024-07-01 02:16:00,115.82,156,0,0.3906,136.8,115.2596,1.0781,27.47,16,0,1,0
2024-07-01 20:05:00,68.0,542,0,0.1558,549.2,68.5604,0.6851,55.27,6,0,1,1
2024-07-01 22:02:00,56.27,466,0,-1.2355,459.2,55.9094,0.6239,7.77,1,0,1,1
2024-07-02 13:17:00,25.0,793,0,0.0,785.0,25.0,0.0,216.82,17,0,1,2
2024-07-03 01:17:00,11.06,1023,1,0.9218,1023.0,11.3815,0.4275,233.23,14,1,1,3
2024-07-01 01:04:00,102.29,131,0,1.0912,120.8,102.632,0.5296,10.07,5,0,1,0
2024-07-01 23:07:00,59.1,476,0,-2.292,462.6,57.4462,1.1788,23.52,3,0,1,1
2024-07-02 02:19:00,50.69,553,0,0.1479,530.2,51.7196,1.3464,147.25,19,0,1,1
2024-07-02 02:11:00,55.4,473,0,0.3317,457.6,55.1936,0.5378,79.52,11,0,1,1
2024-07-02 06:18:00,50.61,573,0,-0.46,580.8,50.2546,0.2601,167.35,18,0,1,1
2024-07-02 10:14:00,67.74,484,0,0.7008,494.8,68.1129,0.2885,113.37,15,0,1,1
2024-07-02 22:06:00,12.71,1023,1,0.7895,1019.0,13.3038,0.4264,84.92,5,1,1,3
2024-07-01 16:18:00,109.06,284,0,0.625,279.0,109.461,0.2846,65.17,16,0,1,0
2024-07-01 02:11:00,115.53,104,0,0.2106,94.8,116.0146,0.5483,16.07,11,0,1,0
2024-07-02 01:07:00,62.35,308,0,-1.0431,303.6,61.461,0.6709,35.3,7,0,1,1
2024-07-02 01:16:00,56.66,307,0,1.5493,308.4,58.6345,1.8072,82.65,16,0,1,1
2024-07-02 22:00:00,17.69,1003,1,1.154,990.2,18.4559,0.544,0.0,0,1,1,3
2024-07-02 15:01:00,36.2,670,0,1.6258,645.2,37.7167,1.1951,0.0,0,0,1,2
2024-07-01 13:04:00,92.37,78,0,2.2149,91.2,94.6492,1.891,4.23,3,0,1,0
2024-07-02 16:17:00,36.83,850,0,-1.7224,848.6,35.8055,0.7392,183.93,13,0,1,2
2024-07-02 11:10:00,36.99,850,0,-0.6391,844.4,36.5142,0.3398,84.25,6,0,1,2
2024-07-02 10:02:00,66.61,382,0,-1.1186,382.0,65.7909,0.5818,19.13,3,0,1,1
2024-07-02 17:12:00,25.0,850,0,0.0,849.6,25.0446,0.063,141.45,10,0,1,2
2024-07-02 01:18:00,55.72,302,0,0.7439,305.6,56.2855,0.4042,92.8,18,0,1,1
2024-07-01 22:07:00,50.0,455,0,1.9076,455.2,51.6559,1.2619,45.7,6,0,1,1
2024-07-01 00:18:00,92.83,126,0,-0.6595,129.2,93.0019,0.7525,33.35,15,0,1,0
2024-07-02 11:15:00,37.43,850,0,-0.8686,837.2,36.6519,0.6068,154.02,11,0,1,2
2024-07-02 00:03:00,59.6,598,0,0.5005,560.8,59.5593,0.4639,9.97,1,0,1,1
2024-07-02 04:08:00,76.07,382,0,-0.5353,398.2,74.8578,1.357,54.1,8,0,1,1
2024-07-01 21:13:00,55.65,600,0,-0.6022,599.0,55.5086,0.3347,108.82,11,0,1,1
2024-07-01 18:07:00,104.44,115,0,-0.3489,122.8,104.0254,0.365,15.32,8,0,1,0
2024-07-01 04:03:00,121.53,249,0,0.206,241.6,121.6868,0.111,4.15,1,0,1,0
2024-07-01 03:01:00,120.94,247,0,-0.6901,251.2,120.7079,0.321,0.0,0,0,1,0
2024-07-02 07:18:00,50.0,556,0,0.2253,548.2,50.3993,0.4157,169.2,18,0,1,1
2024-07-01 13:12:00,93.91,111,0,-0.2483,93.2,93.481,0.4424,16.3,11,0,1,0
2024-07-01 14:05:00,96.86,128,0,-2.9437,134.6,94.7807,1.4756,9.07,4,0,1,0
2024-07-01 18:00:00,101.18,105,0,0.0663,95.4,101.2217,0.0313,1.75,1,0,1,0
2024-07-01 17:14:00,94.63,92,0,-1.2412,94.2,92.8211,1.7507,15.22,12,0,1,0
2024-07-01 22:16:00,55.6,427,0,-2.6189,432.8,54.045,1.1232,112.38,15,0,1,1
2024-07-01 13:18:00,96.12,70,0,0.2938,83.2,95.8878,0.5452,24.92,17,0,1,0
2024-07-01 00:12:00,94.4,131,0,0.9474,127.8,95.5703,1.0547,19.98,9,0,1,0
2024-07-01 09:02:00,119.55,266,0,2.8486,272.2,121.3118,1.2547,9.03,2,0,1,0
2024-07-01 18:08:00,103.16,132,0,1.2743,124.6,103.8964,0.5377,17.52,9,0,1,0
2024-07-02 20:01:00,36.42,773,0,0.3999,757.6,36.7304,0.2273,25.48,2,0,1,2
2024-07-02 06:15:00,51.59,579,0,2.351,580.2,53.0192,1.0235,138.3,15,0,1,1
2024-07-01 11:03:00,114.93,117,0,0.2597,112.8,113.9058,1.6339,0.0,0,0,1,0
2024-07-02 04:12:00,76.65,397,0,-1.6575,398.6,76.1895,0.8552,80.95,12,0,1,1
2024-07-03 00:10:00,6.64,1023,1,1.6965,1019.6,8.154,1.1649,133.92,8,1,1,3
2024-07-02 08:13:00,65.26,300,0,0.8751,305.8,65.3209,0.6444,72.45,14,0,1,1
2024-07-02 03:05:00,58.6,576,0,0.4513,562.2,58.6776,0.2782,46.85,5,0,1,1
2024-07-02 05:02:00,61.91,551,0,-0.4321,520.0,61.2476,0.6514,0.0,0,0,1,1
2024-07-02 07:13:00,50.0,563,0,0.0,558.2,50.0,0.0,123.52,13,0,1,1
2024-07-01 08:16:00,100.45,294,0,-0.5553,286.2,100.8896,1.0376,56.22,12,0,1,0
2024-07-02 09:05:00,51.21,586,0,0.452,577.4,51.4451,0.1855,29.05,3,0,1,1
2024-07-02 09:13:00,52.33,596,0,-0.32,592.6,51.4459,1.0307,107.32,11,0,1,1
2024-07-02 05:05:00,60.65,592,0,0.4356,554.8,60.7056,0.2927,28.35,3,0,1,1
2024-07-02 19:13:00,25.0,805,0,0.0,771.2,25.0,0.0,135.15,11,0,1,2
2024-07-01 19:13:00,95.94,188,0,-0.0845,169.0,96.3695,0.6704,32.52,12,0,1,0
2024-07-01 08:03:00,102.42,241,0,-0.4609,227.2,101.6509,0.789,0.0,0,0,1,0
2024-07-01 12:08:00,122.0,41,0,0.3772,58.6,122.0921,0.2028,3.78,4,0,1,0
2024-07-02 07:14:00,50.0,553,0,0.0,553.8,50.0,0.0,132.73,14,0,1,1
2024-07-02 20:05:00,34.42,819,0,1.41,794.4,35.0566,0.5827,78.8,6,0,1,2
2024-07-02 09:09:00,50.0,585,0,0.7732,580.8,51.0343,0.9689,67.68,7,0,1,1
2024-07-01 18:15:00,105.8,142,0,-1.5299,147.0,104.6874,0.7982,34.65,16,0,1,0
2024-07-01 20:12:00,69.19,580,0,1.6131,578.6,70.4431,0.9114,121.8,13,0,1,1
2024-07-01 03:14:00,122.74,249,0,-0.612,243.8,122.0241,0.6353,44.95,11,0,1,0
2024-07-01 05:13:00,100.32,137,0,-0.2675,126.6,100.7416,0.7985,28.77,13,0,1,0
2024-07-02 05:18:00,56.84,594,0,0.9682,597.6,57.9531,0.9755,157.22,16,0,1,1
2024-07-03 00:01:00,15.4,921,1,0.3809,909.2,15.9249,0.4985,0.0,0,1,1,3
2024-07-01 19:10:00,97.49,156,0,-1.066,156.6,96.1985,1.1588,23.6,9,0,1,0
2024-07-01 05:04:00,100.75,135,0,-0.4721,133.0,100.3591,0.2911,9.4,4,0,1,0
2024-07-01 05:14:00,102.92,144,0,-2.6084,132.4,101.0963,1.2973,31.17,14,0,1,0
2024-07-01 20:17:00,68.36,580,0,-0.5726,588.8,68.3714,0.4832,170.87,18,0,1,1
2024-07-02 02:05:00,59.5,437,0,-0.8091,409.6,58.9542,0.386,34.13,5,0,1,1
2024-07-01 22:17:00,55.96,447,0,-0.3663,435.0,54.8469,1.3293,119.83,16,0,1,1
2024-07-01 20:09:00,72.0,580,0,0.0216,555.8,71.6417,0.5201,92.55,10,0,1,1
2024-07-01 04:12:00,125.05,260,0,1.1764,248.0,125.0026,1.0236,40.35,10,0,1,0
2024-07-02 22:10:00,11.92,1023,1,1.4312,1023.0,13.0137,0.7947,153.12,9,1,1,3
2024-07-01 04:09:00,123.91,239,0,-0.3557,233.4,124.4028,0.9535,27.52,7,0,1,0
2024-07-01 16:16:00,109.64,280,0,-0.2278,275.8,110.0193,0.7044,55.63,14,0,1,0
2024-07-03 01:08:00,11.08,993,1,-1.3975,966.0,10.0462,0.7428,80.5,5,1,1,3
2024-07-02 22:01:00,16.47,1016,1,1.2179,996.0,17.6653,0.9684,0.0,0,1,1,3
2024-07-02 22:13:00,11.74,1023,1,0.5676,1023.0,12.2622,0.4045,204.27,12,1,1,3
2024-07-02 06:05:00,59.21,537,0,0.7967,520.4,59.572,0.3284,43.37,5,0,1,1
2024-07-02 05:13:00,60.51,600,0,0.0328,591.4,60.5446,0.0279,107.42,11,0,1,1
2024-07-02 06:11:00,57.38,579,0,0.9686,567.4,57.0978,1.1476,99.6,11,0,1,1
2024-07-01 04:14:00,123.24,224,0,1.6466,247.0,124.3911,0.8194,48.1,12,0,1,0
2024-07-01 00:11:00,95.35,131,0,1.6078,128.2,96.7154,1.03,17.8,8,0,1,0
2024-07-01 19:16:00,94.43,220,0,0.863,205.8,95.2955,0.7118,43.57,15,0,1,0
2024-07-02 02:13:00,54.19,463,0,1.9608,464.2,55.2422,0.8078,95.08,13,0,1,1
2024-07-01 02:03:00,118.46,78,0,-0.019,88.4,119.0334,0.8218,4.37,3,0,1,0
2024-07-01 02:02:00,118.44,88,0,1.7527,91.4,119.759,0.9481,3.07,2,0,1,0
2024-07-01 16:09:00,111.52,244,0,-0.276,214.2,112.1632,1.1077,23.93,7,0,1,0
2024-07-01 08:07:00,100.41,265,0,-0.438,249.6,100.1309,0.1964,12.85,3,0,1,0
2024-07-02 00:17:00,63.64,554,0,1.0579,567.8,64.2385,0.4437,144.05,15,0,1,1
2024-07-02 19:16:00,25.0,837,0,0.0,817.0,25.0,0.0,176.62,14,0,1,2
2024-07-02 05:17:00,57.81,594,0,1.4077,598.8,58.5846,0.5842,147.32,15,0,1,1
2024-07-02 13:16:00,25.0,778,0,0.0,785.8,25.0,0.0,203.6,16,0,1,2
2024-07-01 05:00:00,103.27,101,0,0.6203,99.4,103.6834,0.2924,0.0,0,0,1,0
2024-07-01 21:06:00,53.25,599,0,0.6697,573.6,53.2274,0.5757,38.9,4,0,1,1
2024-07-01 08:18:00,101.92,299,0,-0.71,288.4,101.1946,0.6003,66.18,14,0,1,0
2024-07-01 22:04:00,54.95,455,0,-0.1864,461.6,55.3294,0.6677,23.1,3,0,1,1
2024-07-01 20:16:00,67.79,600,0,1.1834,588.8,68.5533,0.5432,161.2,17,0,1,1
2024-07-02 19:10:00,25.0,753,0,0.0,724.0,25.3143,0.4444,95.55,8,0,1,2
2024-07-02 20:02:00,34.52,787,0,1.8996,764.4,35.9187,1.0031,38.6,3,0,1,2
2024-07-02 10:00:00,65.28,377,0,1.2279,380.2,66.0998,0.5789,6.28,1,0,1,1
2024-07-01 08:17:00,101.21,299,0,-0.76,286.2,100.5195,0.5392,61.2,13,0,1,0
2024-07-01 19:15:00,95.29,221,0,0.8805,195.6,95.7994,0.3727,39.9,14,0,1,0
2024-07-02 21:11:00,9.05,888,1,-2.3266,872.4,7.7064,0.9819,101.03,7,1,1,3
2024-07-02 15:13:00,37.09,786,0,0.3701,764.2,37.1393,0.2457,144.87,12,0,1,2
2024-07-03 00:00:00,15.78,922,1,0.8143,905.2,16.3233,0.3839,0.0,0,1,1,3
2024-07-02 10:04:00,65.54,419,0,1.3858,393.2,66.3554,0.5927,32.77,5,0,1,1
2024-07-01 19:03:00,96.72,164,0,0.6498,134.6,96.2764,1.1247,5.1,2,0,1,0
2024-07-02 23:16:00,10.56,1016,1,-0.2727,1020.2,9.873,0.7927,266.73,16,1,1,3
2024-07-02 13:11:00,27.84,779,0,1.3745,779.8,29.0158,0.8917,138.12,11,0,1,2
2024-07-01 12:17:00,118.62,56,0,0.194,55.6,118.7033,0.0827,11.28,13,0,1,0
2024-07-02 02:18:00,50.84,553,0,2.7794,515.4,51.8764,1.2412,138.03,18,0,1,1
2024-07-01 16:15:00,109.41,278,0,1.5951,273.8,110.3443,0.6787,50.97,13,0,1,0
2024-07-01 00:15:00,93.97,136,0,-0.7604,140.2,93.5457,0.3171,27.3,12,0,1,0
2024-07-01 16:04:00,117.9,191,0,0.6045,180.0,117.9289,0.4623,6.08,2,0,1,0
2024-07-02 13:18:00,25.8,781,0,-0.7989,783.4,25.2663,0.3766,229.83,18,0,1,2
2024-07-01 11:02:00,115.19,126,0,-3.5885,110.4,112.601,1.8452,0.0,0,0,1,0
2024-07-01 08:19:00,101.7,299,0,0.2186,294.0,101.6117,0.2969,71.17,15,0,1,0
2024-07-03 01:03:00,6.13,935,1,-1.3761,944.0,6.0116,0.9764,0.0,0,1,1,3
2024-07-01 01:02:00,102.23,119,0,0.8964,120.6,102.7231,0.3722,5.68,3,0,1,0
2024-07-01 17:16:00,93.56,137,0,0.8903,107.8,94.21,0.4679,19.4,14,0,1,0
2024-07-02 09:06:00,52.03,585,0,-0.8284,581.4,51.6324,0.3387,38.8,4,0,1,1
2024-07-02 19:01:00,29.41,685,0,-2.0434,690.0,28.4711,0.8417,0.0,0,0,1,2
2024-07-01 17:00:00,97.5,79,0,-0.1693,68.6,97.3889,0.0798,0.0,0,0,1,0
2024-07-01 21:11:00,55.83,595,0,-1.0861,599.0,54.5579,1.1221,88.82,9,0,1,1
2024-07-02 03:11:00,57.09,590,0,-1.6693,577.4,56.7884,1.0193,104.73,11,0,1,1
2024-07-02 17:13:00,25.01,850,0,-0.0066,850.0,25.0022,0.0031,155.62,11,0,1,2
2024-07-01 10:03:00,119.0,117,0,-0.3995,107.2,119.3619,0.8082,0.0,0,0,1,0
2024-07-02 07:10:00,50.0,546,0,0.4345,571.4,50.1448,0.2048,95.68,10,0,1,1
2024-07-01 04:13:00,124.88,241,0,0.1704,250.0,125.3889,0.5988,44.37,11,0,1,0
2024-07-02 03:18:00,57.39,594,0,0.8428,590.6,57.4453,0.6252,173.18,18,0,1,1
2024-07-01 03:08:00,120.7,247,0,0.156,245.2,121.109,0.4759,20.43,5,0,1,0
2024-07-02 07:02:00,51.93,574,0,0.6811,573.6,52.6969,0.6695,19.08,2,0,1,1
2024-07-01 14:04:00,93.91,128,0,-0.3447,138.0,93.4199,0.4768,6.93,3,0,1,0
2024-07-02 18:04:00,40.87,850,0,-1.1351,832.0,40.4539,0.5116,56.02,4,0,1,2
2024-07-01 21:14:00,55.32,600,0,0.3272,599.0,55.3393,0.2462,118.82,12,0,1,1
2024-07-01 07:13:00,89.7,196,0,1.891,184.2,90.9911,0.9152,27.1,10,0,1,0
2024-07-01 03:15:00,120.35,262,0,2.3915,245.6,121.742,1.0143,49.32,12,0,1,0
2024-07-02 12:10:00,27.25,791,0,0.0176,770.0,27.5691,0.4344,113.88,9,0,1,2
2024-07-01 22:06:00,51.91,450,0,1.1525,457.4,53.3071,1.2557,38.12,5,0,1,1
2024-07-01 09:08:00,121.37,282,0,-1.3667,269.0,120.979,0.691,35.88,8,0,1,0
2024-07-01 13:11:00,93.66,109,0,-0.7894,84.4,92.9897,0.5072,14.45,10,0,1,0
2024-07-01 11:16:00,109.52,138,0,0.8171,137.6,110.3591,0.6959,25.15,12,0,1,0
2024-07-02 00:07:00,61.16,554,0,0.8161,580.8,62.0594,0.7744,48.4,5,0,1,1
2024-07-01 05:17:00,104.34,142,0,0.7692,141.4,104.8019,0.3328,38.27,17,0,1,0
2024-07-02 23:03:00,13.85,979,1,1.2406,945.4,15.2599,1.2228,48.17,3,1,1,3
2024-07-02 01:12:00,64.0,323,0,-1.7883,324.4,63.1478,0.7325,62.33,12,0,1,1
2024-07-02 17:05:00,25.01,850,0,0.7644,840.6,25.8432,0.7154,42.32,3,0,1,2
2024-07-02 05:11:00,60.58,577,0,0.7637,593.2,60.6038,0.5938,87.58,9,0,1,1
2024-07-01 06:06:00,110.01,219,0,-0.4369,202.8,110.1763,0.5767,10.65,3,0,1,0
2024-07-01 05:16:00,105.11,141,0,-0.1507,138.2,104.3302,0.996,35.9,16,0,1,0
2024-07-01 23:13:00,66.6,497,0,0.671,511.4,66.1856,1.1,74.33,9,0,1,1
2024-07-02 10:13:00,68.44,495,0,-0.2714,497.8,68.5942,0.4287,105.3,14,0,1,1
2024-07-01 02:17:00,116.56,153,0,-0.74,146.4,116.1951,0.3023,30.02,17,0,1,0
2024-07-02 19:03:00,27.48,711,0,0.9125,695.4,28.4317,0.7879,11.85,1,0,1,2
2024-07-02 21:12:00,10.92,888,1,-1.8752,880.0,8.8952,1.7187,115.83,8,1,1,3
2024-07-01 18:09:00,103.14,144,0,0.0245,126.8,103.5798,0.6066,19.92,10,0,1,0
2024-07-01 13:08:00,94.18,75,0,-0.3128,82.2,93.6297,0.5715,9.78,7,0,1,0
2024-07-01 02:06:00,118.73,73,0,0.7131,78.8,119.6103,0.799,8.17,6,0,1,0
2024-07-01 17:09:00,91.99,84,0,1.2772,57.8,93.2815,1.0558,7.37,7,0,1,0
2024-07-01 09:15:00,123.47,299,0,-1.881,298.6,122.5891,0.7731,70.4,15,0,1,0
2024-07-03 01:19:00,10.39,1016,1,1.4814,1021.6,11.1071,0.6055,267.22,16,1,1,3
2024-07-02 17:14:00,25.0,850,0,0.0066,850.0,25.0022,0.0031,169.78,12,0,1,2
2024-07-02 12:16:00,25.0,850,0,0.0,842.8,25.0,0.0,197.85,15,0,1,2
2024-07-01 13:03:00,94.58,82,0,2.4157,91.4,95.7022,0.994,2.93,2,0,1,0
2024-07-01 22:03:00,54.77,465,0,1.5004,461.4,55.3555,0.6539,15.52,2,0,1,1
2024-07-02 09:15:00,50.0,580,0,0.8264,594.4,51.0517,0.964,126.95,13,0,1,1
2024-07-01 15:04:00,95.72,205,0,0.0522,209.0,94.746,1.4111,3.42,1,0,1,0
2024-07-01 17:01:00,99.36,92,0,-1.8607,73.8,98.0656,0.9196,0.0,0,0,1,0
2024-07-03 00:06:00,9.68,1013,1,-0.6527,976.6,9.328,0.2685,65.83,4,1,1,3
2024-07-01 07:09:00,90.56,157,0,0.5748,146.0,90.5456,0.4837,14.37,6,0,1,0
2024-07-01 06:04:00,110.95,208,0,-0.5888,180.4,110.4686,0.3594,3.47,1,0,1,0
2024-07-02 15:06:00,36.83,710,0,0.0593,688.2,36.5911,0.3802,57.35,5,0,1,2
2024-07-01 02:10:00,115.74,96,0,1.0434,88.6,116.1499,0.4529,14.33,10,0,1,0
2024-07-01 17:13:00,93.39,98,0,-2.9342,92.6,91.7055,1.2351,13.68,11,0,1,0
2024-07-02 22:07:00,14.22,1023,1,-1.5125,1021.6,13.479,0.6177,101.97,6,1,1,3
2024-07-01 07:02:00,96.4,129,0,-0.5957,141.4,96.4038,0.4894,0.0,0,0,1,0
2024-07-01 23:10:00,62.85,508,0,-1.7759,492.6,61.786,0.7653,48.7,6,0,1,1
2024-07-01 19:19:00,94.02,248,0,1.114,233.2,94.2348,0.6661,55.65,18,0,1,0
2024-07-02 07:05:00,53.14,574,0,-0.9242,576.8,52.4172,0.5239,48.07,5,0,1,1
2024-07-01 16:00:00,116.23,181,0,1.2745,171.4,117.0772,0.6008,0.0,0,0,1,0
2024-07-01 00:19:00,92.47,126,0,0.3654,125.0,92.4932,0.2698,35.45,16,0,1,0
2024-07-02 16:09:00,39.89,850,0,0.1283,848.6,40.0857,0.1966,70.72,5,0,1,2
2024-07-02 15:10:00,36.58,754,0,-0.5507,725.4,36.1474,0.3207,105.97,9,0,1,2
2024-07-02 16:08:00,40.02,850,0,0.3377,848.6,39.9318,0.3835,56.55,4,0,1,2
2024-07-01 20:07:00,70.91,555,0,-2.0275,548.6,69.2617,1.2169,73.58,8,0,1,1
2024-07-02 02:17:00,53.62,530,0,-2.4568,497.4,52.8578,1.1988,128.82,17,0,1,1
2024-07-02 07:00:00,53.56,573,0,0.0369,574.6,53.5828,0.0174,0.0,0,0,1,1
2024-07-01 01:18:00,98.93,187,0,1.0543,193.6,99.0697,0.6967,50.88,19,0,1,0
2024-07-01 08:15:00,99.9,279,0,2.4256,287.2,101.1434,0.9914,51.32,11,0,1,0
2024-07-01 12:05:00,121.89,71,0,2.2509,70.0,123.797,1.4354,1.18,1,0,1,0
2024-07-02 17:08:00,25.0,848,0,0.0,849.6,25.0,0.0,84.78,6,0,1,2
2024-07-02 09:07:00,52.33,569,0,-0.2958,579.4,51.8565,0.4758,48.28,5,0,1,1
2024-07-02 13:14:00,25.0,783,0,0.0,788.2,25.5853,0.8277,177.6,14,0,1,2
2024-07-02 18:18:00,45.86,850,0,0.4257,850.0,45.6826,0.5768,254.35,18,0,1,2
2024-07-01 07:14:00,90.6,197,0,-0.8998,192.2,90.6283,0.7723,30.38,11,0,1,0
2024-07-01 14:07:00,97.58,134,0,-0.586,133.4,97.1467,0.3145,13.53,6,0,1,0
2024-07-02 06:02:00,60.22,507,0,0.6499,495.0,60.6181,0.2834,16.73,2,0,1,1
2024-07-02 04:09:00,75.55,389,0,0.5189,393.2,75.721,0.2486,60.58,9,0,1,1
2024-07-02 13:03:00,31.29,720,0,0.8237,723.8,31.6116,0.358,36.23,3,0,1,2
2024-07-01 00:17:00,92.18,121,0,1.8204,135.2,93.3809,0.8526,31.25,14,0,1,0
2024-07-01 06:07:00,111.23,226,0,-1.2238,211.8,110.2692,0.7029,14.42,4,0,1,0
2024-07-01 16:02:00,117.38,172,0,-0.4141,174.6,116.8552,0.4749,0.0,0,0,1,0
2024-07-01 12:15:00,118.67,56,0,-0.3946,49.6,119.4945,1.4545,9.45,11,0,1,0
2024-07-02 08:17:00,65.62,310,0,-0.0499,304.4,65.6481,0.0719,92.82,18,0,1,1
2024-07-03 00:04:00,9.28,982,1,1.724,943.0,11.5384,2.0952,32.32,2,1,1,3
2024-07-01 09:10:00,120.86,299,0,-0.3849,275.8,120.9028,0.3684,45.52,10,0,1,0
2024-07-01 05:15:00,104.96,143,0,-2.0334,135.2,102.7328,1.8998,33.55,15,0,1,0
2024-07-02 06:16:00,50.0,587,0,1.5923,581.8,51.8452,1.6197,148.08,16,0,1,1
2024-07-02 06:06:00,57.59,537,0,1.6136,528.4,58.9332,1.0027,52.32,6,0,1,1
2024-07-01 09:00:00,121.98,273,0,-0.5032,273.0,121.6426,0.2372,0.0,0,0,1,0
2024-07-01 15:01:00,93.14,220,0,-2.1498,206.2,91.8245,0.9425,0.0,0,0,1,0
2024-07-02 13:19:00,25.0,797,0,0.7989,786.2,25.2663,0.3766,243.12,19,0,1,2
2024-07-02 11:12:00,37.86,843,0,0.9226,846.2,37.8756,0.7322,112.47,8,0,1,2
2024-07-02 12:03:00,32.04,733,0,1.4639,729.0,32.7551,0.5982,24.43,2,0,1,2
2024-07-02 10:05:00,67.3,453,0,-1.7654,408.4,66.588,0.7587,40.32,6,0,1,1
2024-07-03 00:19:00,2.0,1023,1,1.402,1022.4,2.6121,0.586,287.32,17,1,1,3
2024-07-02 01:17:00,56.47,307,0,0.194,305.2,57.1146,0.7801,87.77,17,0,1,1
2024-07-03 01:04:00,6.77,924,1,-0.6377,938.6,5.8888,0.8403,15.4,1,1,1,3
2024-07-01 02:05:00,119.44,75,0,1.2218,83.4,119.5217,0.9003,6.95,5,0,1,0
2024-07-02 21:09:00,7.35,870,1,-0.9257,858.0,6.7293,0.4422,71.5,5,1,1,3
2024-07-01 07:17:00,91.04,177,0,-0.1842,186.6,90.796,0.2309,39.38,14,0,1,0
2024-07-02 18:11:00,44.83,850,0,-1.3744,850.0,44.1107,0.5632,155.18,11,0,1,2
2024-07-01 08:11:00,103.41,299,0,0.2634,287.2,103.1449,0.5658,32.37,7,0,1,0
2024-07-01 00:16:00,94.0,116,0,-0.024,137.2,93.7262,0.3643,29.23,13,0,1,0
2024-07-02 01:11:00,62.21,315,0,1.0192,321.4,62.922,0.5035,56.95,11,0,1,1
2024-07-01 02:08:00,115.93,95,0,0.152,83.0,116.9148,1.2834,11.28,8,0,1,0
2024-07-03 00:11:00,6.05,1023,1,0.5905,1021.6,7.0122,0.9693,150.97,9,1,1,3
2024-07-02 23:00:00,16.9,926,1,-0.658,914.0,16.4654,0.3102,0.0,0,1,1,3
2024-07-02 01:15:00,58.21,307,0,2.8165,310.0,60.7977,2.0235,77.53,15,0,1,1
2024-07-02 23:12:00,9.82,1023,1,0.5455,1015.8,9.8921,0.3623,198.77,12,1,1,3
2024-07-02 00:00:00,58.95,534,0,-1.6522,524.4,57.8438,0.7789,0.0,0,0,1,1
2024-07-01 14:03:00,93.57,143,0,-0.794,137.4,93.7489,0.877,4.8,2,0,1,0
2024-07-02 11:18:00,37.2,850,0,-0.6517,845.0,37.0293,0.3414,196.52,14,0,1,2
2024-07-02 19:17:00,25.0,836,0,0.0,825.8,25.0,0.0,190.55,15,0,1,2
2024-07-01 11:05:00,111.88,107,0,1.0138,116.4,113.2349,1.2673,1.78,1,0,1,0
2024-07-01 01:06:00,101.94,144,0,0.6591,134.0,102.2782,0.2692,14.87,7,0,1,0
2024-07-02 23:14:00,8.76,1023,1,0.4327,1019.8,9.2601,0.4344,232.87,14,1,1,3
2024-07-01 21:17:00,55.79,594,0,-0.5097,595.6,55.0476,0.7238,148.45,15,0,1,1
2024-07-02 23:11:00,10.37,1015,1,-0.8789,1009.4,9.6075,0.5775,181.72,11,1,1,3
2024-07-01 18:04:00,103.61,133,0,-1.0237,112.2,102.6973,0.7058,9.35,5,0,1,0
2024-07-01 11:09:00,112.79,121,0,0.0133,112.6,112.8357,0.058,9.38,5,0,1,0
2024-07-01 01:17:00,99.98,190,0,-1.6893,198.2,98.9739,0.7284,47.77,18,0,1,0
2024-07-03 00:05:00,9.03,998,1,0.2557,958.2,9.7703,0.8792,48.95,3,1,1,3
2024-07-01 18:14:00,104.27,148,0,-0.2895,148.4,104.2471,0.2044,32.28,15,0,1,0
2024-07-01 23:09:00,61.07,511,0,0.3679,482.8,60.5366,1.0275,40.23,5,0,1,1
2024-07-03 00:07:00,9.76,1019,1,-0.0808,993.8,9.4873,0.3284,82.82,5,1,1,3
2024-07-02 18:10:00,43.46,850,0,0.5849,850.0,43.8997,0.3191,141.02,10,0,1,2
2024-07-02 11:04:00,36.65,814,0,0.9885,813.8,37.2339,0.4251,0.0,0,0,1,2
2024-07-02 18:01:00,39.69,820,0,0.6757,791.8,39.9422,0.3027,13.67,1,0,1,2
2024-07-01 09:14:00,121.59,297,0,1.1303,298.6,121.8969,0.5845,65.42,14,0,1,0
2024-07-02 18:14:00,45.08,850,0,1.2265,850.0,45.843,0.545,197.68,14,0,1,2
2024-07-02 19:04:00,27.59,695,0,-0.1066,696.0,27.8243,0.4074,23.43,2,0,1,2
2024-07-02 01:03:00,58.98,300,0,1.161,306.2,59.6082,0.4789,15.0,3,0,1,1
2024-07-03 00:09:00,8.34,1023,1,1.1387,1014.6,9.1925,0.6136,116.87,7,1,1,3
2024-07-02 17:10:00,25.13,850,0,-0.1337,849.6,25.0446,0.063,113.12,8,0,1,2
2024-07-02 04:19:00,73.41,385,0,1.4149,383.6,75.0329,1.4188,126.1,19,0,1,1
2024-07-03 00:08:00,9.48,1020,1,0.28,1006.4,9.6384,0.1177,99.82,6,1,1,3
2024-07-01 08:02:00,101.96,236,0,-1.3951,222.2,101.3486,0.5817,0.0,0,0,1,0
2024-07-02 21:08:00,6.43,870,1,-0.0244,859.2,6.0928,0.4582,57.0,4,1,1,3
2024-07-01 07:12:00,91.59,196,0,0.097,175.0,91.3527,0.4048,23.83,9,0,1,0
2024-07-02 16:01:00,40.64,850,0,0.8555,831.4,41.6581,0.9014,0.0,0,0,1,2
2024-07-03 01:13:00,7.76,1023,1,0.965,1014.4,8.3798,0.4407,165.03,10,1,1,3
2024-07-02 13:15:00,25.0,782,0,0.0,786.0,25.0,0.0,190.63,15,0,1,2
2024-07-01 05:11:00,101.86,126,0,-2.1844,125.8,100.7315,0.8933,24.38,11,0,1,0
2024-07-01 11:06:00,111.0,97,0,0.8821,113.6,111.925,0.7746,3.4,2,0,1,0
2024-07-02 10:08:00,69.32,482,0,-1.1503,456.4,68.2896,0.7971,63.82,9,0,1,1
2024-07-01 05:03:00,100.28,153,0,-0.2266,125.8,100.5907,0.6105,7.15,3,0,1,0
2024-07-01 21:01:00,52.65,540,0,0.5815,540.0,52.7878,0.3225,0.0,0,0,1,1
2024-07-01 20:19:00,67.13,566,0,0.6796,581.2,67.7653,0.503,189.83,20,0,1,1
2024-07-02 13:10:00,29.21,793,0,0.7829,774.4,29.1571,0.7088,125.13,10,0,1,2
2024-07-02 05:06:00,60.64,588,0,0.0073,568.0,60.795,0.2071,38.15,4,0,1,1
2024-07-02 15:00:00,37.83,648,0,1.2954,638.4,38.6904,0.6107,0.0,0,0,1,2
2024-07-02 09:12:00,52.01,600,0,-2.0088,589.2,50.6696,0.947,97.38,10,0,1,1
2024-07-01 05:19:00,103.44,157,0,0.6123,144.6,103.9419,0.3761,43.22,19,0,1,0
2024-07-01 02:13:00,116.88,121,0,-1.5868,102.6,115.9023,0.7002,19.83,13,0,1,0
2024-07-01 07:11:00,91.69,191,0,-0.9031,159.8,91.0087,0.4877,20.57,8,0,1,0
2024-07-01 20:03:00,69.53,555,0,0.0603,561.0,69.6631,0.1544,37.12,4,0,1,1
2024-07-02 23:05:00,11.35,985,1,-0.0483,972.4,12.166,1.1928,81.03,5,1,1,3
2024-07-01 10:07:00,124.8,77,0,-0.6211,92.4,123.7544,1.0647,5.75,4,0,1,0
2024-07-02 08:18:00,65.34,317,0,0.2878,307.8,65.5118,0.1256,98.1,19,0,1,1
2024-07-02 18:03:00,39.73,850,0,1.0276,818.0,40.062,0.4943,41.85,3,0,1,2
2024-07-02 14:02:00,40.86,792,0,-0.3599,765.4,40.8475,0.2823,13.2,1,0,1,2
2024-07-01 00:08:00,97.98,133,0,-1.5322,138.6,97.4008,0.6771,11.55,5,0,1,0
2024-07-02 16:07:00,40.35,850,0,-0.928,848.6,40.2273,0.6095,42.38,3,0,1,2
2024-07-01 01:16:00,98.29,194,0,0.3477,200.0,98.5181,0.1582,44.6,17,0,1,0
2024-07-01 22:12:00,53.67,436,0,-0.9647,454.6,52.1237,1.5525,83.58,11,0,1,1
2024-07-02 08:11:00,64.56,318,0,0.6506,306.8,64.8743,0.2663,62.45,12,0,1,1
2024-07-01 12:13:00,121.54,58,0,-0.3379,46.0,121.0786,0.4344,7.62,9,0,1,0
2024-07-01 15:03:00,95.77,206,0,-3.0191,208.2,93.8876,1.3405,0.0,0,0,1,0
2024-07-02 13:06:00,28.45,752,0,-0.4938,731.8,28.2265,0.2036,73.13,6,0,1,2
2024-07-02 04:11:00,74.99,415,0,1.9383,396.8,75.8245,0.8142,74.33,11,0,1,1
2024-07-02 07:03:00,51.9,575,0,0.0226,573.6,52.1452,0.3265,28.67,3,0,1,1
2024-07-02 12:12:00,25.0,836,0,1.5253,798.6,26.2595,0.9388,141.55,11,0,1,2
2024-07-02 20:11:00,33.92,850,0,1.4604,847.6,34.771,0.6187,163.3,12,0,1,2
2024-07-01 13:02:00,97.0,94,0,-1.4715,90.8,95.6585,1.044,1.57,1,0,1,0
2024-07-02 06:10:00,58.34,569,0,-2.7697,559.0,56.6502,1.2122,89.95,10,0,1,1
2024-07-01 14:17:00,95.78,121,0,1.5392,145.0,96.4713,0.6374,37.65,16,0,1,0
2024-07-01 20:14:00,68.9,588,0,-1.0378,586.2,68.654,0.5689,141.4,15,0,1,1
2024-07-01 07:10:00,90.78,181,0,-0.2257,152.6,90.8241,0.2364,17.38,7,0,1,0
2024-07-02 15:08:00,35.82,720,0,-0.4057,701.2,36.024,0.5933,81.18,7,0,1,2
2024-07-02 08:00:00,64.59,330,0,-0.6405,330.0,64.1591,0.302,5.5,1,0,1,1
2024-07-02 20:09:00,35.0,850,0,-0.0113,837.8,35.62,0.8779,134.97,10,0,1,2
2024-07-02 03:10:00,55.42,577,0,2.4426,576.6,56.7072,1.0018,94.9,10,0,1,1
2024-07-02 20:06:00,36.48,832,0,-2.062,806.2,35.5729,0.8606,92.67,7,0,1,2
2024-07-02 00:08:00,60.56,564,0,0.5966,574.0,61.2302,0.579,57.8,6,0,1,1
2024-07-01 07:07:00,89.95,120,0,1.7745,137.4,91.1435,0.8459,9.25,4,0,1,0
2024-07-01 07:06:00,91.72,155,0,0.0394,139.2,91.9672,0.3195,7.25,3,0,1,0
2024-07-02 12:00:00,33.4,723,0,-0.4611,724.6,33.0914,0.2174,0.0,0,0,1,2
2024-07-02 22:11:00,12.73,1023,1,-0.8139,1023.0,12.6655,0.5861,170.17,10,1,1,3
2024-07-02 12:19:00,28.13,850,0,-2.006,846.8,26.4179,1.2945,240.1,18,0,1,2
2024-07-02 08:19:00,65.33,304,0,0.0052,308.6,65.4308,0.1369,103.17,20,0,1,1
2024-07-01 17:08:00,93.27,51,0,1.3089,55.6,94.5588,1.0431,5.97,6,0,1,0
2024-07-01 23:03:00,56.3,451,0,-1.5241,426.6,55.2864,0.7198,0.0,0,0,1,1
2024-07-01 16:05:00,117.08,179,0,0.8225,179.6,117.8304,0.5848,9.07,3,0,1,0
2024-07-01 09:06:00,121.56,256,0,0.2815,266.4,121.1054,0.8436,26.8,6,0,1,0
2024-07-01 06:03:00,110.36,194,0,-0.2723,168.8,109.8394,0.5593,0.0,0,0,1,0
2024-07-02 18:13:00,46.3,850,0,-0.157,850.0,45.7611,0.6601,183.52,13,0,1,2
2024-07-02 06:08:00,56.03,563,0,0.1275,546.0,56.5948,0.707,70.98,8,0,1,1
2024-07-01 07:03:00,93.29,132,0,3.1116,138.8,95.1656,1.3485,0.0,0,0,1,0
2024-07-02 23:18:00,8.82,1023,1,1.6205,1020.2,9.9413,0.7948,300.83,18,1,1,3
2024-07-01 09:17:00,121.06,299,0,1.9829,298.0,122.5211,1.0498,80.32,17,0,1,0
2024-07-02 06:09:00,55.57,569,0,0.4583,552.6,55.9222,0.2515,80.47,9,0,1,1
2024-07-01 13:19:00,95.61,73,0,0.5031,79.6,96.0472,0.3291,26.13,18,0,1,0
2024-07-01 14:13:00,97.71,167,0,2.0222,150.4,99.0296,0.936,28.35,12,0,1,0
2024-07-01 20:00:00,70.31,570,0,2.9053,576.4,72.2432,1.3696,9.5,1,0,1,1
2024-07-01 06:02:00,110.09,181,0,-1.0266,160.0,108.1785,2.0224,0.0,0,0,1,0
2024-07-01 09:03:00,119.52,266,0,0.0362,270.8,120.4918,1.3515,13.47,3,0,1,0
2024-07-01 10:02:00,118.6,129,0,1.879,99.6,119.6878,0.7944,0.0,0,0,1,0
2024-07-01 21:18:00,56.48,600,0,-0.6881,595.6,55.8522,0.4908,158.45,16,0,1,1
2024-07-01 12:06:00,121.91,65,0,-0.0138,71.0,122.6467,1.0579,2.27,2,0,1,0
2024-07-01 20:15:00,68.97,588,0,-0.0651,586.2,68.5802,0.5053,151.2,16,0,1,1
2024-07-02 22:12:00,12.31,1023,1,0.4195,1023.0,12.3199,0.3323,187.22,11,1,1,3
2024-07-02 14:05:00,39.47,815,0,1.8475,796.0,40.7537,0.9137,53.45,4,0,1,2
2024-07-02 21:06:00,5.44,850,1,-2.7859,869.4,3.6493,1.272,28.33,2,1,1,3
2024-07-02 17:15:00,26.04,850,0,-1.0419,850.0,25.3495,0.4896,183.95,13,0,1,2
2024-07-02 20:07:00,36.86,838,0,-0.3839,816.4,35.9182,1.074,106.63,8,0,1,2
2024-07-01 06:09:00,108.52,229,0,1.2003,224.2,109.821,1.1108,22.15,6,0,1,0
2024-07-02 07:17:00,50.23,535,0,0.7472,549.6,50.8061,0.423,159.93,17,0,1,1
2024-07-01 20:02:00,69.59,551,0,0.2933,565.6,69.9235,0.296,27.87,3,0,1,1
2024-07-02 15:04:00,36.05,687,0,-0.493,674.0,35.6828,0.268,34.2,3,0,1,2
2024-07-02 14:10:00,33.66,850,0,-0.0023,848.2,34.0612,0.5685,124.13,9,0,1,2
2024-07-02 12:15:00,25.0,849,0,0.0,837.6,25.0,0.0,183.68,14,0,1,2
2024-07-02 21:13:00,11.59,903,1,-0.6691,886.6,10.5188,1.0769,130.88,9,1,1,3
2024-07-01 10:19:00,126.28,147,0,-0.1626,141.0,126.6759,0.6826,30.12,16,0,1,0
2024-07-02 08:01:00,65.06,327,0,-0.4727,329.4,64.5302,0.4562,10.95,2,0,1,1
2024-07-02 21:15:00,11.53,894,1,-0.9012,894.0,11.2469,0.4407,160.73,11,1,1,3
2024-07-02 13:12:00,26.76,797,0,1.0828,787.0,27.9358,1.0055,151.4,12,0,1,2
2024-07-02 16:06:00,39.43,847,0,1.4768,848.6,40.161,0.6029,28.22,2,0,1,2
2024-07-02 21:19:00,9.04,908,1,-0.0324,900.8,8.9709,0.077,220.9,15,1,1,3
2024-07-02 07:04:00,52.21,590,0,-0.309,576.6,52.0136,0.1407,38.5,4,0,1,1
2024-07-02 19:14:00,25.0,815,0,0.0,788.8,25.0,0.0,148.73,12,0,1,2
2024-07-02 14:00:00,41.19,764,0,-2.4741,752.0,39.5389,1.1663,0.0,0,0,1,2
2024-07-01 19:06:00,96.16,158,0,1.7286,158.2,97.5155,0.9936,13.18,5,0,1,0
2024-07-03 00:12:00,5.94,1023,1,0.1094,1022.4,6.2134,0.3074,168.02,10,1,1,3
2024-07-02 01:09:00,63.32,328,0,0.6565,316.0,63.2171,0.6697,46.33,9,0,1,1
2024-07-01 13:07:00,93.87,67,0,-1.0253,83.6,93.0428,0.6079,8.53,6,0,1,0
2024-07-02 16:19:00,38.46,846,0,0.1219,849.2,37.9578,0.8004,212.2,15,0,1,2
2024-07-01 22:01:00,55.03,462,0,1.3968,456.8,55.8671,0.6021,0.0,0,0,1,1
2024-07-02 00:16:00,64.7,570,0,-0.3127,572.4,63.7653,1.1017,134.82,14,0,1,1
2024-07-01 05:12:00,100.05,126,0,1.8118,126.0,100.5283,0.9541,26.48,12,0,1,0
2024-07-02 10:11:00,69.18,491,0,-1.6752,488.8,68.5587,0.7492,88.68,12,0,1,1
2024-07-01 11:12:00,112.0,115,0,1.1569,124.6,113.2236,1.0248,15.6,8,0,1,0
2024-07-02 19:09:00,25.0,727,0,0.9428,714.8,25.3143,0.4444,83.0,7,0,1,2
2024-07-02 06:07:00,56.16,557,0,1.432,538.4,57.6525,1.2441,61.6,7,0,1,1
2024-07-02 09:11:00,50.0,598,0,0.0,583.0,50.0,0.0,87.38,9,0,1,1
2024-07-01 18:13:00,103.98,149,0,0.4984,147.6,104.2706,0.2101,29.82,14,0,1,0
2024-07-03 01:01:00,7.14,946,1,1.4686,949.2,8.2357,0.7869,0.0,0,1,1,3
2024-07-02 18:02:00,40.76,841,0,-1.0683,804.0,40.2737,0.4412,27.68,2,0,1,2
2024-07-01 11:13:00,113.01,140,0,-1.0052,126.8,112.7227,0.5134,17.93,9,0,1,0
2024-07-02 15:05:00,36.89,679,0,-0.8346,680.2,36.1683,0.5479,45.52,4,0,1,2
2024-07-02 09:16:00,50.9,593,0,-0.8971,593.4,50.5745,0.4073,136.83,14,0,1,1
2024-07-01 15:17:00,89.41,203,0,0.6984,197.8,89.6103,0.3548,46.27,14,0,1,0
2024-07-02 08:08:00,67.69,305,0,-1.3942,302.2,66.9706,0.5697,46.97,9,0,1,1
2024-07-01 20:10:00,71.33,588,0,0.6644,565.0,71.7843,0.3184,102.35,11,0,1,1
2024-07-02 20:18:00,32.98,850,0,1.0325,850.0,34.468,1.4398,262.47,19,0,1,2
2024-07-02 11:09:00,36.35,840,0,-0.1421,841.0,36.1099,0.244,70.08,5,0,1,2
2024-07-01 17:18:00,94.89,145,0,-0.621,124.0,94.2378,0.5444,24.02,16,0,1,0
2024-07-01 12:18:00,119.73,63,0,-1.1035,56.6,119.0556,0.481,12.33,14,0,1,0
2024-07-02 13:04:00,28.27,723,0,3.0205,725.0,30.5544,1.6526,48.28,4,0,1,2
2024-07-02 07:07:00,50.0,585,0,0.0,582.0,51.0454,1.4785,67.58,7,0,1,1
2024-07-02 07:12:00,50.0,555,0,0.0,558.6,50.0,0.0,114.13,12,0,1,1
2024-07-01 14:02:00,92.78,145,0,2.1257,133.8,94.4994,1.2754,2.42,1,0,1,0
2024-07-01 18:16:00,105.6,142,0,0.2013,145.8,105.2268,0.6787,37.02,17,0,1,0
2024-07-01 19:04:00,98.5,163,0,-1.7803,146.4,97.5344,0.7356,7.82,3,0,1,0
2024-07-01 11:04:00,112.89,121,0,2.0339,116.0,114.3374,1.0255,0.0,0,0,1,0
2024-07-02 23:13:00,9.2,1023,1,0.6255,1017.8,9.7947,0.4785,215.82,13,1,1,3
2024-07-02 16:14:00,35.08,843,0,0.9973,848.6,36.8988,1.9083,141.43,10,0,1,2
2024-07-01 23:12:00,67.27,519,0,-2.5954,510.4,64.9335,1.8163,66.05,8,0,1,1
2024-07-01 17:07:00,94.58,37,0,1.2458,61.4,95.701,0.869,5.12,5,0,1,0
2024-07-02 01:05:00,60.73,300,0,-0.334,300.0,60.0337,0.758,25.0,5,0,1,1
2024-07-02 07:19:00,50.0,539,0,0.0,545.4,50.0751,0.1062,178.18,19,0,1,1
2024-07-03 01:07:00,9.68,988,1,-0.3102,954.4,9.2794,0.3744,63.95,4,1,1,3
2024-07-02 22:08:00,13.78,1023,1,0.4486,1023.0,13.5705,0.6343,119.02,7,1,1,3
2024-07-02 21:05:00,2.66,850,1,0.1847,874.4,2.684,0.1215,14.17,1,1,1,3
2024-07-02 06:19:00,50.0,582,0,0.6119,580.8,50.2546,0.2601,177.05,19,0,1,1
2024-07-02 18:15:00,45.81,850,0,-0.7346,850.0,45.7314,0.504,211.85,15,0,1,2
2024-07-02 16:03:00,40.39,850,0,0.4805,843.4,40.6348,0.1963,0.0,0,0,1,2
2024-07-02 08:05:00,65.64,301,0,-0.5222,316.6,65.6426,0.4311,31.88,6,0,1,1
2024-07-02 18:06:00,41.54,850,0,-1.138,848.2,40.9344,0.467,84.35,6,0,1,2
2024-07-02 03:16:00,56.71,587,0,-0.0445,584.6,55.9881,0.9855,153.45,16,0,1,1
2024-07-02 23:17:00,10.44,1023,1,0.1242,1020.2,10.432,0.1115,283.78,17,1,1,3
2024-07-02 04:17:00,76.87,383,0,-0.2693,386.6,76.3268,0.582,113.17,17,0,1,1
2024-07-02 15:15:00,35.39,810,0,2.8182,787.2,36.8968,1.1587,171.57,14,0,1,2
2024-07-01 04:05:00,124.04,241,0,-0.9832,238.6,122.876,1.0312,12.08,3,0,1,0
2024-07-01 12:02:00,126.45,71,0,2.3012,56.8,128.0432,1.1293,0.0,0,0,1,0
2024-07-02 10:18:00,69.7,492,0,0.4944,487.2,70.1859,0.3917,145.9,19,0,1,1
2024-07-01 07:19:00,88.43,220,0,0.3603,190.8,89.4186,1.1576,46.28,16,0,1,0
2024-07-02 02:04:00,58.69,413,0,-0.0189,401.6,58.6648,0.0246,26.85,4,0,1,1
2024-07-01 01:15:00,98.64,188,0,-0.026,197.0,98.6185,0.019,41.37,16,0,1,0
2024-07-02 03:00:00,55.69,577,0,0.6932,574.6,56.1485,0.3268,0.0,0,0,1,1
2024-07-01 08:10:00,103.67,299,0,-1.3102,279.6,103.0122,0.5349,27.38,6,0,1,0
2024-07-02 08:14:00,66.48,300,0,-1.2207,304.6,65.9613,0.5137,77.45,15,0,1,1
2024-07-02 20:10:00,35.38,850,0,-0.3793,844.0,35.1276,0.1815,149.13,11,0,1,2
2024-07-02 18:17:00,46.28,850,0,-1.3796,850.0,45.6671,0.5725,240.18,17,0,1,2
2024-07-02 18:07:00,43.45,850,0,-1.9151,850.0,41.7956,1.2598,98.52,7,0,1,2
2024-07-02 23:04:00,11.3,987,1,2.554,960.6,13.4148,1.5798,64.62,4,1,1,3
2024-07-02 12:13:00,25.0,829,0,0.0,811.8,25.5084,0.719,155.37,12,0,1,2
2024-07-01 04:15:00,121.82,242,0,1.4142,246.4,123.3141,1.2508,52.13,13,0,1,0
2024-07-02 04:03:00,69.81,418,0,-0.8027,419.2,69.4176,0.3279,20.92,3,0,1,1
2024-07-01 12:00:00,128.93,47,0,-0.3032,51.8,128.7272,0.1429,0.0,0,0,1,0
2024-07-02 13:02:00,32.11,725,0,-0.6727,723.2,31.1624,0.9075,24.23,2,0,1,2
2024-07-02 04:14:00,77.34,392,0,-0.4035,402.6,76.9717,0.2818,94.13,14,0,1,1
2024-07-02 10:10:00,67.5,502,0,1.4868,482.2,68.6055,0.7898,80.5,11,0,1,1
2024-07-01 23:00:00,54.9,420,0,-0.8562,413.6,54.3285,0.4036,0.0,0,0,1,1
2024-07-02 03:13:00,55.91,578,0,0.3092,578.0,56.4026,0.5002,123.97,13,0,1,1
2024-07-02 20:08:00,34.99,850,0,1.8679,827.8,36.1109,0.8054,120.8,9,0,1,2
2024-07-01 10:06:00,124.18,83,0,-1.883,102.8,122.0,1.9064,4.47,3,0,1,0
2024-07-01 19:12:00,95.85,178,0,1.4625,163.6,96.887,0.734,29.38,11,0,1,0
2024-07-02 15:14:00,38.21,792,0,-1.1175,776.0,37.5871,0.4648,158.07,13,0,1,2
2024-07-01 19:17:00,93.55,239,0,0.8801,218.0,94.4209,0.7116,47.55,16,0,1,0
2024-07-02 14:06:00,37.78,842,0,1.6853,809.8,39.5194,1.4428,67.48,5,0,1,2
2024-07-02 18:08:00,44.2,850,0,-0.7474,850.0,43.0624,1.1213,112.68,8,0,1,2
2024-07-01 10:17:00,127.64,139,0,-2.3059,140.2,126.3665,0.9559,25.28,14,0,1,0
2024-07-01 00:04:00,101.51,142,0,-0.0637,152.4,101.7246,0.3549,2.37,1,0,1,0
2024-07-02 14:08:00,34.87,850,0,1.3024,832.0,36.2709,1.1923,95.82,7,0,1,2
2024-07-02 08:02:00,66.11,318,0,-1.0532,327.0,65.2524,0.6378,16.25,3,0,1,1
2024-07-02 22:09:00,13.35,1023,1,0.4272,1023.0,13.7827,0.3576,136.07,8,1,1,3
2024-07-02 06:12:00,54.16,584,0,3.219,572.8,56.6251,1.79,109.33,12,0,1,1
2024-07-02 12:18:00,26.12,846,0,-1.1238,846.8,25.3746,0.5298,225.93,17,0,1,2
2024-07-02 03:06:00,58.22,586,0,0.3748,566.8,58.6249,0.3377,56.62,6,0,1,1
2024-07-02 12:05:00,30.52,755,0,2.179,742.8,31.7569,0.9122,49.72,4,0,1,2
2024-07-02 10:03:00,66.92,399,0,-0.3184,385.6,66.3383,0.6162,25.78,4,0,1,1
2024-07-01 04:18:00,122.25,223,0,-0.4654,230.0,121.5959,0.6214,63.53,16,0,1,0
2024-07-02 16:04:00,40.15,850,0,0.2357,849.4,40.4722,0.298,0.0,0,0,1,2
2024-07-02 12:07:00,30.06,756,0,-0.3419,753.4,30.1019,0.3299,75.0,6,0,1,2
2024-07-02 04:13:00,76.93,399,0,-0.2833,402.0,76.1903,0.856,87.6,13,0,1,1
2024-07-01 20:06:00,68.88,544,0,-0.8785,547.8,68.3449,0.3827,64.33,7,0,1,1
2024-07-02 01:02:00,60.14,300,0,-0.4347,310.0,60.0059,0.2129,10.0,2,0,1,1
2024-07-01 02:07:00,116.08,92,0,2.6433,79.6,118.0843,1.4438,9.7,7,0,1,0
2024-07-01 01:12:00,101.82,199,0,0.1271,170.2,101.7923,0.1445,31.25,13,0,1,0
2024-07-02 14:19:00,26.63,850,0,1.9488,850.0,28.44,1.4194,251.63,18,0,1,2
2024-07-02 17:19:00,25.07,850,0,-0.0713,848.0,25.682,0.9146,240.45,17,0,1,2
2024-07-01 10:00:00,119.98,100,0,0.2848,83.2,120.1695,0.1342,0.0,0,0,1,0
2024-07-01 06:14:00,102.69,264,0,0.1747,256.8,103.3009,0.7472,43.55,11,0,1,0
2024-07-01 01:07:00,100.53,132,0,1.4117,136.6,101.6923,0.8638,17.07,8,0,1,0
2024-07-02 20:00:00,36.82,756,0,0.1357,753.6,36.9089,0.064,12.6,1,0,1,2
2024-07-01 11:10:00,114.51,129,0,-1.7216,117.0,113.3666,0.8084,11.53,6,0,1,0
2024-07-02 00:09:00,59.98,583,0,0.5807,574.0,60.5657,0.4806,67.52,7,0,1,1
2024-07-02 14:12:00,31.25,850,0,2.1718,849.8,32.7797,1.0835,152.47,11,0,1,2
2024-07-01 18:18:00,108.62,136,0,-1.2612,143.4,107.1959,1.2387,41.77,19,0,1,0
2024-07-01 14:08:00,96.64,137,0,0.9398,132.2,97.0754,0.3876,15.82,7,0,1,0
2024-07-01 20:18:00,67.81,572,0,0.5502,585.6,67.9844,0.2648,180.4,19,0,1,1
2024-07-02 09:14:00,50.83,598,0,1.5023,595.2,51.7214,0.6461,117.28,12,0,1,1
2024-07-01 19:11:00,97.32,169,0,0.1746,158.8,97.0774,0.4668,26.42,10,0,1,0
2024-07-02 05:12:00,60.54,590,0,0.0354,591.4,60.822,0.3687,97.42,10,0,1,1
2024-07-02 00:18:00,65.69,575,0,-2.051,567.2,64.6738,0.8375,153.63,16,0,1,1
2024-07-01 06:18:00,101.0,299,0,-2.1039,285.4,100.5274,1.1905,62.93,15,0,1,0
2024-07-01 03:02:00,120.13,259,0,0.8151,253.0,120.4424,0.3584,0.0,0,0,1,0
2024-07-01 23:11:00,64.68,522,0,-1.8317,501.8,62.8659,1.4729,57.4,7,0,1,1
2024-07-02 08:07:00,66.29,300,0,0.6427,307.6,66.2882,0.5289,41.88,8,0,1,1
2024-07-01 06:08:00,109.72,235,0,1.5145,220.0,110.318,0.6563,18.33,5,0,1,0
2024-07-03 00:16:00,2.06,1023,1,-0.0642,1023.0,2.0483,0.0348,236.22,14,1,1,3
2024-07-02 02:00:00,57.78,397,0,0.3213,395.4,57.9915,0.1515,0.0,0,0,1,1
2024-07-02 17:18:00,25.0,843,0,1.9747,848.0,26.6829,1.2718,226.28,16,0,1,2
2024-07-03 00:02:00,14.33,933,1,1.0703,915.6,15.1697,0.6143,0.0,0,1,1,3
2024-07-01 03:04:00,120.88,239,0,-0.4067,246.6,120.4926,0.306,3.98,1,0,1,0
2024-07-02 16:12:00,39.54,850,0,-0.0151,850.0,39.206,0.4551,113.22,8,0,1,2
2024-07-01 00:14:00,93.21,147,0,0.2428,137.8,93.6894,0.5141,25.03,11,0,1,0
2024-07-01 07:16:00,90.86,175,0,-0.3709,190.4,90.6478,0.1555,36.43,13,0,1,0
2024-07-01 02:00:00,120.64,87,0,0.5265,91.8,120.9897,0.2482,0.0,0,0,1,0
2024-07-02 00:12:00,61.38,577,0,0.8536,580.0,61.8564,0.3565,96.73,10,0,1,1
2024-07-01 18:19:00,108.97,151,0,-0.3434,144.0,108.3172,0.6899,44.28,20,0,1,0
2024-07-01 09:07:00,120.01,263,0,1.5482,265.8,121.1334,0.8044,31.18,7,0,1,0
2024-07-02 14:03:00,41.48,797,0,-0.6259,775.0,40.9457,0.4073,26.48,2,0,1,2
2024-07-01 10:16:00,125.33,138,0,0.8015,134.6,126.0319,0.5363,22.97,13,0,1,0
2024-07-02 15:11:00,36.87,759,0,-0.2808,735.2,36.4945,0.3454,118.62,10,0,1,2
2024-07-01 02:12:00,115.3,105,0,0.2295,97.4,115.5201,0.1797,17.82,12,0,1,0
2024-07-02 19:18:00,25.0,847,0,0.0,834.2,25.0,0.0,204.67,16,0,1,2
2024-07-01 16:17:00,109.68,288,0,-0.0449,278.2,109.5785,0.1194,60.43,15,0,1,0
2024-07-02 13:08:00,28.26,769,0,-1.4384,748.8,27.8466,0.7273,98.63,8,0,1,2
2024-07-02 11:19:00,36.6,850,0,0.6053,850.0,36.7848,0.2969,210.68,15,0,1,2
2024-07-02 12:04:00,32.7,762,0,-0.6612,736.4,32.7508,0.5985,37.13,3,0,1,2
2024-07-01 14:15:00,96.32,139,0,1.2058,151.4,97.1841,0.6155,33.33,14,0,1,0
2024-07-02 11:01:00,40.41,808,0,-0.4415,807.0,40.008,0.3136,0.0,0,0,1,2
2024-07-01 12:11:00,120.5,44,0,-0.9097,45.4,120.3331,0.5552,6.05,7,0,1,0
2024-07-02 12:06:00,29.72,761,0,0.805,748.8,30.9826,1.2605,62.4,5,0,1,2
2024-07-01 23:01:00,54.77,419,0,0.1248,415.0,54.5723,0.3777,0.0,0,0,1,1
2024-07-01 22:15:00,52.98,428,0,0.5795,437.4,53.4627,0.3624,105.27,14,0,1,1
2024-07-03 01:16:00,11.99,1023,1,-0.8912,1023.0,10.5801,1.4058,216.18,13,1,1,3
2024-07-02 16:15:00,35.48,850,0,-0.4011,848.6,35.548,0.4097,155.6,11,0,1,2
2024-07-02 19:02:00,28.4,700,0,1.0164,691.6,28.3935,0.8342,0.0,0,0,1,2
2024-07-01 13:09:00,92.44,88,0,1.7443,84.2,93.4943,0.7593,11.25,8,0,1,0
2024-07-01 10:01:00,120.48,111,0,-0.5017,89.6,120.2418,0.2054,0.0,0,0,1,0
2024-07-01 08:01:00,100.57,223,0,0.9491,218.2,101.3643,0.5985,0.0,0,0,1,0
2024-07-02 03:15:00,56.66,594,0,-2.0679,585.2,55.721,0.8543,143.67,15,0,1,1
2024-07-02 12:09:00,27.27,779,0,0.9125,762.8,28.5052,1.1618,100.7,8,0,1,2
2024-07-01 20:01:00,69.88,551,0,0.4277,571.0,71.1323,1.4807,18.68,2,0,1,1
2024-07-02 11:02:00,37.42,820,0,2.9874,809.6,39.2672,1.3166,0.0,0,0,1,2
2024-07-01 23:16:00,64.3,519,0,1.8204,508.2,65.8201,1.1396,99.75,12,0,1,1
2024-07-02 17:01:00,28.89,824,0,0.197,784.2,29.0555,0.1239,0.0,0,0,1,2
2024-07-02 14:11:00,33.43,850,0,0.2351,849.8,33.5812,0.1103,138.3,10,0,1,2
2024-07-01 05:05:00,101.96,134,0,-1.2065,139.6,100.9942,0.7068,11.63,5,0,1,0
2024-07-02 04:05:00,72.77,407,0,-2.0896,415.2,71.0875,1.2418,34.6,5,0,1,1
2024-07-01 19:09:00,96.42,154,0,-1.7454,158.2,95.3136,0.7884,21.0,8,0,1,0
2024-07-01 00:01:00,103.02,154,0,-1.6684,144.4,102.072,0.6983,0.0,0,0,1,0
2024-07-02 22:17:00,6.05,1023,1,1.2592,1023.0,7.6248,1.437,272.47,16,1,1,3
2024-07-03 01:02:00,4.76,941,1,2.3822,947.2,6.8365,1.5868,0.0,0,1,1,3
2024-07-02 04:01:00,69.43,413,0,-1.2854,421.6,68.4075,0.7539,6.88,1,0,1,1
2024-07-01 04:00:00,121.18,247,0,-2.6911,244.6,119.3847,1.2686,0.0,0,0,1,0
2024-07-01 10:05:00,122.29,88,0,-2.7592,108.4,120.2756,1.4422,3.08,2,0,1,0
2024-07-01 01:14:00,98.62,209,0,-0.0203,191.2,99.679,1.5168,38.23,15,0,1,0
2024-07-02 14:15:00,29.94,850,0,1.1267,850.0,30.854,0.6784,194.97,14,0,1,2
2024-07-02 01:08:00,63.98,334,0,-1.6302,310.4,62.5448,1.1001,40.87,8,0,1,1
2024-07-01 21:07:00,52.8,600,0,0.4538,586.8,53.3228,0.4615,48.9,5,0,1,1
2024-07-01 22:14:00,53.56,433,0,0.2925,443.0,53.6924,0.1207,98.13,13,0,1,1
2024-07-01 18:06:00,104.09,125,0,-0.5385,121.0,103.75,0.2407,13.4,7,0,1,0
2024-07-01 04:11:00,126.23,265,0,-2.5057,242.2,124.6229,1.139,36.02,9,0,1,0
2024-07-01 16:19:00,109.32,277,0,-0.2578,281.4,109.3536,0.2564,69.78,17,0,1,0
2024-07-02 20:17:00,34.01,850,0,2.4042,850.0,35.6364,1.1498,248.3,18,0,1,2
2024-07-02 04:04:00,70.68,414,0,-0.8696,416.6,69.8336,0.6829,27.82,4,0,1,1
2024-07-01 17:05:00,96.7,66,0,-0.0862,78.0,96.4788,0.2506,3.65,3,0,1,0
2024-07-02 14:16:00,29.65,850,0,0.2859,850.0,30.2183,0.6098,209.13,15,0,1,2
2024-07-01 12:01:00,128.75,60,0,0.1787,53.2,128.7688,0.1244,0.0,0,0,1,0
2024-07-01 00:13:00,93.45,156,0,0.9487,132.4,94.4024,0.7741,22.58,10,0,1,0
2024-07-01 15:15:00,89.31,212,0,-1.0539,193.8,89.0764,0.5959,39.58,12,0,1,0
2024-07-02 06:00:00,60.76,493,0,-0.8155,489.8,60.2155,0.3844,0.0,0,0,1,1
2024-07-01 19:07:00,94.84,154,0,1.3202,160.6,96.2927,1.2484,15.75,6,0,1,0
2024-07-01 13:13:00,93.39,101,0,0.5212,98.4,93.6532,0.2128,17.98,12,0,1,0
2024-07-01 08:06:00,99.97,261,0,0.0467,243.8,100.1811,0.2673,8.43,2,0,1,0
2024-07-02 18:00:00,40.37,799,0,-0.6021,783.8,39.9667,0.2838,0.0,0,0,1,2
2024-07-03 01:12:00,8.72,1023,1,-0.0634,1008.4,8.6001,0.131,147.98,9,1,1,3
2024-07-02 08:06:00,66.93,300,0,-1.2955,311.2,65.8966,0.7642,36.88,7,0,1,1
2024-07-02 16:18:00,38.58,850,0,-1.7556,848.6,36.8391,1.4199,198.1,14,0,1,2
2024-07-02 00:04:00,61.48,583,0,-1.8733,573.0,60.3948,0.7919,19.68,2,0,1,1
2024-07-03 01:00:00,8.61,947,1,0.3468,950.2,8.8409,0.1635,0.0,0,1,1,3
2024-07-02 01:04:00,60.39,300,0,-1.4149,302.4,59.8377,0.6159,20.0,4,0,1,1
2024-07-02 17:11:00,25.0,850,0,0.1337,849.6,25.0446,0.063,127.28,9,0,1,2
2024-07-01 12:03:00,125.36,82,0,1.093,62.6,126.8523,1.4146,0.0,0,0,1,0
2024-07-02 04:06:00,72.96,400,0,-0.1934,412.6,72.1383,1.0336,41.27,6,0,1,1
2024-07-02 19:15:00,25.0,836,0,0.0,805.4,25.0,0.0,162.67,13,0,1,2
2024-07-02 04:02:00,69.01,424,0,0.4243,421.0,68.863,0.5348,13.95,2,0,1,1
2024-07-02 10:06:00,67.38,458,0,-0.0758,422.2,66.7398,0.8506,47.95,7,0,1,1
2024-07-01 09:09:00,120.47,279,0,0.8994,270.8,120.6187,0.5672,40.53,9,0,1,0
2024-07-02 15:02:00,35.43,680,0,0.7685,654.0,36.4867,0.9982,11.33,1,0,1,2
2024-07-02 10:19:00,72.51,492,0,-2.8136,488.8,70.804,1.2265,154.1,20,0,1,1
2024-07-01 23:15:00,66.12,503,0,0.9225,508.8,66.5882,0.3768,91.1,11,0,1,1
2024-07-02 10:01:00,65.49,389,0,-0.2053,381.8,65.7589,0.537,12.77,2,0,1,1
2024-07-02 01:10:00,63.23,322,0,0.0916,320.4,63.5111,0.3332,51.7,10,0,1,1
2024-07-01 02:18:00,116.85,156,0,-0.294,153.4,116.4096,0.435,32.62,18,0,1,0
2024-07-01 23:14:00,67.04,503,0,-0.4385,509.8,66.9732,0.2782,82.72,10,0,1,1
2024-07-02 04:00:00,68.15,414,0,-0.5056,424.4,67.8105,0.2384,0.0,0,0,1,1
2024-07-02 18:16:00,44.9,850,0,0.9075,850.0,45.2649,0.3934,226.02,16,0,1,2
2024-07-02 13:07:00,26.82,761,0,1.6296,739.0,27.7457,0.6823,85.82,7,0,1,2
2024-07-01 12:12:00,121.2,36,0,-0.705,42.6,120.4278,0.6609,6.65,8,0,1,0
2024-07-01 01:01:00,103.12,110,0,-0.3048,123.0,102.8109,0.2585,3.7,2,0,1,0
2024-07-01 15:13:00,89.66,178,0,1.758,196.6,90.9916,0.9621,32.75,10,0,1,0
2024-07-01 22:19:00,54.06,446,0,0.5866,439.0,54.8918,0.7951,134.72,18,0,1,1
2024-07-01 08:00:00,101.52,220,0,0.4931,216.8,101.8451,0.2324,0.0,0,0,1,0
2024-07-01 13:16:00,95.14,88,0,-0.6048,95.2,94.6938,0.316,22.38,15,0,1,0
2024-07-02 23:15:00,10.29,1016,1,-1.5285,1020.0,9.4168,0.6433,249.8,15,1,1,3
2024-07-01 09:11:00,121.09,299,0,-0.2319,284.4,120.8086,0.2544,50.5,11,0,1,0
2024-07-01 19:05:00,97.89,164,0,0.6194,155.0,97.7047,0.7379,10.55,4,0,1,0
2024-07-02 16:05:00,40.9,846,0,-0.7476,849.2,40.4827,0.3121,14.1,1,0,1,2
2024-07-01 20:13:00,67.87,588,0,1.3244,584.6,69.2873,1.2012,131.6,14,0,1,1
2024-07-02 00:11:00,62.23,576,0,-0.2676,575.4,61.3908,1.0038,87.12,9,0,1,1
2024-07-01 17:03:00,96.13,80,0,0.8877,79.2,97.502,1.3646,1.33,1,0,1,0
2024-07-02 14:09:00,33.66,849,0,1.2071,841.2,34.8969,1.0247,109.97,8,0,1,2
2024-07-01 15:08:00,94.1,189,0,0.9244,196.4,94.7487,0.4634,16.37,5,0,1,0
2024-07-02 09:01:00,54.82,565,0,0.3533,574.0,54.9844,0.145,0.0,0,0,1,1
2024-07-01 06:10:00,107.87,229,0,0.6428,227.6,108.7017,0.7638,25.97,7,0,1,0
2024-07-02 09:03:00,51.47,574,0,0.6808,573.4,52.8144,1.4441,9.57,1,0,1,1
2024-07-02 19:11:00,25.0,779,0,0.0,735.8,25.0,0.0,108.53,9,0,1,2
2024-07-01 04:19:00,120.05,230,0,2.1992,231.2,121.3588,0.9463,67.37,17,0,1,0
2024-07-01 18:12:00,104.48,148,0,-0.1383,144.2,104.0077,0.577,27.33,13,0,1,0
2024-07-01 04:07:00,125.74,231,0,-1.7389,236.2,124.5905,0.8099,19.68,5,0,1,0
2024-07-01 22:18:00,54.65,447,0,1.3151,436.4,55.4036,0.5542,127.28,17,0,1,1
2024-07-01 16:10:00,110.89,253,0,0.6312,229.0,111.2196,0.2583,28.15,8,0,1,0
2024-07-01 10:14:00,126.63,143,0,-0.8921,119.4,125.3821,1.195,18.37,11,0,1,0
2024-07-01 23:06:00,56.81,476,0,-0.3748,453.6,56.5811,0.1625,15.58,2,0,1,1
2024-07-01 06:01:00,109.06,161,0,-3.6838,153.8,106.785,1.6261,0.0,0,0,1,0
2024-07-02 06:14:00,53.94,582,0,-0.4212,578.2,53.8739,0.2635,128.65,14,0,1,1
2024-07-01 01:00:00,102.82,112,0,-0.3282,127.2,102.5999,0.1547,1.87,1,0,1,0
2024-07-02 11:00:00,39.97,806,0,-0.3236,806.8,39.7529,0.1526,0.0,0,0,1,2
2024-07-01 03:11:00,121.24,240,0,-0.9861,247.2,120.6979,0.4083,32.85,8,0,1,0
2024-07-01 05:06:00,103.46,136,0,-1.4993,141.0,102.0535,1.1068,13.9,6,0,1,0
2024-07-01 13:10:00,92.87,83,0,-0.4362,81.4,93.1626,0.7411,12.63,9,0,1,0
2024-07-02 19:00:00,27.37,689,0,1.2598,691.4,28.21,0.5939,0.0,0,0,1,2
2024-07-01 21:15:00,54.07,587,0,1.2547,596.4,55.0127,0.6818,128.6,13,0,1,1
2024-07-01 05:02:00,100.05,147,0,1.3933,115.0,101.5882,1.3182,4.6,2,0,1,0
